2023-09-16T03:02:14.016Z In(05) vmx Log for VMware Workstation pid=10792 version=17.0.0 build=build-20800274 option=Release
2023-09-16T03:02:14.016Z In(05) vmx The host is x86_64.
2023-09-16T03:02:14.016Z In(05) vmx Host codepage=windows-1252 encoding=windows-1252
2023-09-16T03:02:14.016Z In(05) vmx Host is Windows 11 Home, 64-bit (Build 22621.2283)
2023-09-16T03:02:14.016Z In(05) vmx Host offset from UTC is -05:30.
2023-09-16T03:02:14.001Z In(05) vmx VTHREAD 1532 "vmx"
2023-09-16T03:02:14.001Z In(05) vmx LOCALE windows-1252 -> NULL User=4009 System=409
2023-09-16T03:02:14.001Z In(05) vmx Msg_SetLocaleEx: HostLocale=windows-1252 UserLocale=NULL
2023-09-16T03:02:14.005Z In(05) vmx DictionaryLoad: Cannot open file "C:\Users\realme\AppData\Roaming\VMware\config.ini": The system cannot find the file specified.
2023-09-16T03:02:14.005Z In(05) vmx Msg_Reset:
2023-09-16T03:02:14.005Z In(05) vmx [msg.dictionary.load.openFailed] Cannot open file "C:\Users\realme\AppData\Roaming\VMware\config.ini": The system cannot find the file specified.
2023-09-16T03:02:14.005Z In(05) vmx ----------------------------------------
2023-09-16T03:02:14.005Z In(05) vmx ConfigDB: Failed to load C:\Users\realme\AppData\Roaming\VMware\config.ini
2023-09-16T03:02:14.005Z In(05) vmx Win32U_GetFileAttributes: GetFileAttributesExW("D:\Windows 10 test.vmpl", ...) failed, error: 2
2023-09-16T03:02:14.005Z In(05) vmx OBJLIB-LIB: Objlib initialized.
2023-09-16T03:02:14.010Z In(05) vmx DictionaryLoad: Cannot open file "C:\Users\realme\AppData\Roaming\VMware\config.ini": The system cannot find the file specified.
2023-09-16T03:02:14.010Z In(05) vmx [msg.dictionary.load.openFailed] Cannot open file "C:\Users\realme\AppData\Roaming\VMware\config.ini": The system cannot find the file specified.
2023-09-16T03:02:14.010Z In(05) vmx PREF Optional preferences file not found at C:\Users\realme\AppData\Roaming\VMware\config.ini. Using default values.
2023-09-16T03:02:14.013Z In(05) vmx lib/ssl: OpenSSL using RAND_OpenSSL for RAND
2023-09-16T03:02:14.013Z In(05) vmx lib/ssl: protocol list tls1.2
2023-09-16T03:02:14.013Z In(05) vmx lib/ssl: protocol list tls1.2 (openssl flags 0x36000000)
2023-09-16T03:02:14.013Z In(05) vmx lib/ssl: cipher list ECDHE+AESGCM:RSA+AESGCM:ECDHE+AES:RSA+AES
2023-09-16T03:02:14.013Z In(05) vmx lib/ssl: curves list prime256v1:secp384r1:secp521r1
2023-09-16T03:02:14.019Z In(05) vmx Hostname=LAPTOP-VHP00OOJ
2023-09-16T03:02:14.023Z In(05) vmx IP=fe80::da20:4a2:2eb9:c22b%13
2023-09-16T03:02:14.023Z In(05) vmx IP=192.168.1.18
2023-09-16T03:02:14.023Z In(05) vmx IP=fe80::9032:c6c:7867:ddeb%6
2023-09-16T03:02:14.023Z In(05) vmx IP=fe80::da2d:2749:6c70:6d1%4
2023-09-16T03:02:14.023Z In(05) vmx IP=fe80::f5d4:cc96:1dba:14fa%14
2023-09-16T03:02:14.023Z In(05) vmx IP=192.168.56.1
2023-09-16T03:02:14.023Z In(05) vmx IP=192.168.37.1
2023-09-16T03:02:14.023Z In(05) vmx IP=192.168.147.1
2023-09-16T03:02:14.055Z In(05) vmx System uptime 64006768334 us
2023-09-16T03:02:14.055Z In(05) vmx Command line: "C:\Program Files (x86)\VMware\VMware Workstation\x64\vmware-vmx.exe" "-T" "querytoken" "-s" "vmx.stdio.keep=TRUE" "-#" "product=1;name=VMware Workstation;version=17.0.0;buildnumber=20800274;licensename=VMware Workstation;licenseversion=17.0;" "-@" "pipe=\\.\pipe\vmx5cffff9d359d97c0;msgs=ui" "D:\Windows 10 test.vmx"
2023-09-16T03:02:14.055Z In(05) vmx Msg_SetLocaleEx: HostLocale=windows-1252 UserLocale=NULL
2023-09-16T03:02:14.071Z In(05) vmx WQPoolAllocPoll : pollIx = 1, signalHandle = 852
2023-09-16T03:02:14.071Z In(05) vmx WQPoolAllocPoll : pollIx = 2, signalHandle = 860
2023-09-16T03:02:14.071Z In(05) vmx VigorTransport listening on fd 576
2023-09-16T03:02:14.071Z In(05) vmx Vigor_Init 1
2023-09-16T03:02:14.071Z In(05) vmx Connecting 'ui' to pipe '\\.\pipe\vmx5cffff9d359d97c0' with user '(null)'
2023-09-16T03:02:14.071Z In(05) vmx VMXVmdb: Local connection timeout: 60000 ms.
2023-09-16T03:02:14.079Z In(05) vmx VmdbAddConnection: cnxPath=/db/connection/#1/, cnxIx=1
2023-09-16T03:02:14.079Z In(05) vmx Vix: [mainDispatch.c:488]: VMAutomation: Initializing VMAutomation.
2023-09-16T03:02:14.079Z In(05) vmx Vix: [mainDispatch.c:740]: VMAutomationOpenListenerSocket() listening
2023-09-16T03:02:14.083Z In(05) vmx Vix: [mainDispatch.c:4213]: VMAutomation_ReportPowerOpFinished: statevar=0, newAppState=1870, success=1 additionalError=0
2023-09-16T03:02:14.083Z In(05) vmx Transitioned vmx/execState/val to poweredOff
2023-09-16T03:02:14.083Z In(05) vmx Vix: [mainDispatch.c:4213]: VMAutomation_ReportPowerOpFinished: statevar=1, newAppState=1873, success=1 additionalError=0
2023-09-16T03:02:14.083Z In(05) vmx Vix: [mainDispatch.c:4213]: VMAutomation_ReportPowerOpFinished: statevar=2, newAppState=1877, success=1 additionalError=0
2023-09-16T03:02:14.083Z In(05) vmx Vix: [mainDispatch.c:4213]: VMAutomation_ReportPowerOpFinished: statevar=3, newAppState=1881, success=1 additionalError=0
2023-09-16T03:02:14.201Z In(05) vmx IOPL_VBSRunning: VBS is set to 0
2023-09-16T03:02:14.201Z In(05) vmx IOCTL_VMX86_SET_MEMORY_PARAMS already set
2023-09-16T03:02:14.201Z In(05) vmx FeatureCompat: No EVC masks.
2023-09-16T03:02:14.210Z In(05) vmx hostCPUID vendor: GenuineIntel
2023-09-16T03:02:14.210Z In(05) vmx hostCPUID family: 0x6 model: 0x8c stepping: 0x1
2023-09-16T03:02:14.210Z In(05) vmx hostCPUID codename: Tiger Lake
2023-09-16T03:02:14.210Z In(05) vmx hostCPUID name: 11th Gen Intel(R) Core(TM) i5-1135G7 @ 2.40GHz
2023-09-16T03:02:14.210Z In(05) vmx hostCPUID level 00000000, 0: 0x0000001b 0x756e6547 0x6c65746e 0x49656e69
2023-09-16T03:02:14.210Z In(05) vmx hostCPUID level 00000001, 0: 0x000806c1 0x00100800 0x7ffafbbf 0xbfebfbff
2023-09-16T03:02:14.210Z In(05) vmx hostCPUID level 00000002, 0: 0x00feff01 0x000000f0 0x00000000 0x00000000
2023-09-16T03:02:14.210Z In(05) vmx hostCPUID level 00000003, 0: 0x00000000 0x00000000 0x00000000 0x00000000
2023-09-16T03:02:14.210Z In(05) vmx hostCPUID level 00000004, 0: 0x1c004121 0x02c0003f 0x0000003f 0x00000000
2023-09-16T03:02:14.210Z In(05) vmx hostCPUID level 00000004, 1: 0x1c004122 0x01c0003f 0x0000003f 0x00000000
2023-09-16T03:02:14.210Z In(05) vmx hostCPUID level 00000004, 2: 0x1c004143 0x04c0003f 0x000003ff 0x00000000
2023-09-16T03:02:14.210Z In(05) vmx hostCPUID level 00000004, 3: 0x1c03c163 0x01c0003f 0x00003fff 0x00000004
2023-09-16T03:02:14.210Z In(05) vmx hostCPUID level 00000004, 4: 0x00000000 0x00000000 0x00000000 0x00000000
2023-09-16T03:02:14.210Z In(05) vmx hostCPUID level 00000005, 0: 0x00000040 0x00000040 0x00000003 0x11121020
2023-09-16T03:02:14.210Z In(05) vmx hostCPUID level 00000006, 0: 0x0017eff7 0x00000002 0x00000009 0x00000000
2023-09-16T03:02:14.210Z In(05) vmx hostCPUID level 00000007, 0: 0x00000000 0xf3bfa7eb 0x18c05fce 0xfc100510
2023-09-16T03:02:14.210Z In(05) vmx hostCPUID level 00000008, 0: 0x00000000 0x00000000 0x00000000 0x00000000
2023-09-16T03:02:14.210Z In(05) vmx hostCPUID level 00000009, 0: 0x00000000 0x00000000 0x00000000 0x00000000
2023-09-16T03:02:14.210Z In(05) vmx hostCPUID level 0000000a, 0: 0x08300805 0x00000000 0x0000000f 0x00008604
2023-09-16T03:02:14.210Z In(05) vmx hostCPUID level 0000000b, 0: 0x00000001 0x00000002 0x00000100 0x00000000
2023-09-16T03:02:14.210Z In(05) vmx hostCPUID level 0000000b, 1: 0x00000004 0x00000008 0x00000201 0x00000000
2023-09-16T03:02:14.210Z In(05) vmx hostCPUID level 0000000b, 2: 0x00000000 0x00000000 0x00000002 0x00000000
2023-09-16T03:02:14.210Z In(05) vmx hostCPUID level 0000000c, 0: 0x00000000 0x00000000 0x00000000 0x00000000
2023-09-16T03:02:14.210Z In(05) vmx hostCPUID level 0000000d, 0: 0x000002e7 0x00000a80 0x00000a88 0x00000000
2023-09-16T03:02:14.210Z In(05) vmx hostCPUID level 0000000d, 1: 0x0000000f 0x00000a10 0x00003900 0x00000000
2023-09-16T03:02:14.210Z In(05) vmx hostCPUID level 0000000d, 2: 0x00000100 0x00000240 0x00000000 0x00000000
2023-09-16T03:02:14.210Z In(05) vmx hostCPUID level 0000000d, 3: 0x00000000 0x00000000 0x00000000 0x00000000
2023-09-16T03:02:14.210Z In(05) vmx hostCPUID level 0000000d, 4: 0x00000000 0x00000000 0x00000000 0x00000000
2023-09-16T03:02:14.210Z In(05) vmx hostCPUID level 0000000d, 5: 0x00000040 0x00000440 0x00000000 0x00000000
2023-09-16T03:02:14.210Z In(05) vmx hostCPUID level 0000000d, 6: 0x00000200 0x00000480 0x00000000 0x00000000
2023-09-16T03:02:14.210Z In(05) vmx hostCPUID level 0000000d, 7: 0x00000400 0x00000680 0x00000000 0x00000000
2023-09-16T03:02:14.210Z In(05) vmx hostCPUID level 0000000d, 8: 0x00000080 0x00000000 0x00000001 0x00000000
2023-09-16T03:02:14.210Z In(05) vmx hostCPUID level 0000000d, 9: 0x00000008 0x00000a80 0x00000000 0x00000000
2023-09-16T03:02:14.210Z In(05) vmx hostCPUID level 0000000d, a: 0x00000000 0x00000000 0x00000000 0x00000000
2023-09-16T03:02:14.210Z In(05) vmx hostCPUID level 0000000d, b: 0x00000010 0x00000000 0x00000001 0x00000000
2023-09-16T03:02:14.210Z In(05) vmx hostCPUID level 0000000d, c: 0x00000018 0x00000000 0x00000001 0x00000000
2023-09-16T03:02:14.210Z In(05) vmx hostCPUID level 0000000d, d: 0x00000008 0x00000000 0x00000001 0x00000000
2023-09-16T03:02:14.210Z In(05) vmx hostCPUID level 0000000e, 0: 0x00000000 0x00000000 0x00000000 0x00000000
2023-09-16T03:02:14.210Z In(05) vmx hostCPUID level 0000000f, 0: 0x00000000 0x00000000 0x00000000 0x00000000
2023-09-16T03:02:14.210Z In(05) vmx hostCPUID level 0000000f, 1: 0x00000000 0x00000000 0x00000000 0x00000000
2023-09-16T03:02:14.210Z In(05) vmx hostCPUID level 00000010, 0: 0x00000000 0x00000004 0x00000000 0x00000000
2023-09-16T03:02:14.210Z In(05) vmx hostCPUID level 00000010, 1: 0x00000000 0x00000000 0x00000000 0x00000000
2023-09-16T03:02:14.210Z In(05) vmx hostCPUID level 00000010, 2: 0x00000013 0x00000000 0x00000004 0x00000007
2023-09-16T03:02:14.210Z In(05) vmx hostCPUID level 00000010, 3: 0x00000000 0x00000000 0x00000000 0x00000000
2023-09-16T03:02:14.210Z In(05) vmx hostCPUID level 00000011, 0: 0x00000000 0x00000000 0x00000000 0x00000000
2023-09-16T03:02:14.210Z In(05) vmx hostCPUID level 00000012, 0: 0x00000000 0x00000000 0x00000000 0x00000000
2023-09-16T03:02:14.210Z In(05) vmx hostCPUID level 00000012, 1: 0x00000000 0x00000000 0x00000000 0x00000000
2023-09-16T03:02:14.210Z In(05) vmx hostCPUID level 00000012, 2: 0x00000000 0x00000000 0x00000000 0x00000000
2023-09-16T03:02:14.210Z In(05) vmx hostCPUID level 00000012, 3: 0x00000000 0x00000000 0x00000000 0x00000000
2023-09-16T03:02:14.210Z In(05) vmx hostCPUID level 00000013, 0: 0x00000000 0x00000000 0x00000000 0x00000000
2023-09-16T03:02:14.210Z In(05) vmx hostCPUID level 00000014, 0: 0x00000001 0x0000004f 0x00000007 0x00000000
2023-09-16T03:02:14.210Z In(05) vmx hostCPUID level 00000014, 1: 0x02490002 0x003f1fff 0x00000000 0x00000000
2023-09-16T03:02:14.210Z In(05) vmx hostCPUID level 00000015, 0: 0x00000002 0x0000007e 0x0249f000 0x00000000
2023-09-16T03:02:14.210Z In(05) vmx hostCPUID level 00000016, 0: 0x00000960 0x00001068 0x00000064 0x00000000
2023-09-16T03:02:14.210Z In(05) vmx hostCPUID level 00000017, 0: 0x00000000 0x00000000 0x00000000 0x00000000
2023-09-16T03:02:14.210Z In(05) vmx hostCPUID level 00000018, 0: 0x00000008 0x00000000 0x00000000 0x00000000
2023-09-16T03:02:14.210Z In(05) vmx hostCPUID level 00000018, 1: 0x00000000 0x00080001 0x00000010 0x00004022
2023-09-16T03:02:14.210Z In(05) vmx hostCPUID level 00000018, 2: 0x00000000 0x00080006 0x00000002 0x00004022
2023-09-16T03:02:14.210Z In(05) vmx hostCPUID level 00000018, 3: 0x00000000 0x0010000f 0x00000001 0x00004125
2023-09-16T03:02:14.210Z In(05) vmx hostCPUID level 00000018, 4: 0x00000000 0x00040001 0x00000010 0x00004024
2023-09-16T03:02:14.210Z In(05) vmx hostCPUID level 00000018, 5: 0x00000000 0x00040006 0x00000008 0x00004024
2023-09-16T03:02:14.210Z In(05) vmx hostCPUID level 00000018, 6: 0x00000000 0x00080008 0x00000001 0x00004124
2023-09-16T03:02:14.210Z In(05) vmx hostCPUID level 00000018, 7: 0x00000000 0x00080007 0x00000080 0x00004043
2023-09-16T03:02:14.210Z In(05) vmx hostCPUID level 00000018, 8: 0x00000000 0x00080009 0x00000080 0x00004043
2023-09-16T03:02:14.210Z In(05) vmx hostCPUID level 00000019, 0: 0x00000007 0x00000014 0x00000003 0x00000000
2023-09-16T03:02:14.210Z In(05) vmx hostCPUID level 0000001a, 0: 0x00000000 0x00000000 0x00000000 0x00000000
2023-09-16T03:02:14.210Z In(05) vmx hostCPUID level 0000001b, 0: 0x00000000 0x00000000 0x00000000 0x00000000
2023-09-16T03:02:14.210Z In(05) vmx hostCPUID level 80000000, 0: 0x80000008 0x00000000 0x00000000 0x00000000
2023-09-16T03:02:14.210Z In(05) vmx hostCPUID level 80000001, 0: 0x00000000 0x00000000 0x00000121 0x2c100800
2023-09-16T03:02:14.210Z In(05) vmx hostCPUID level 80000002, 0: 0x68743131 0x6e654720 0x746e4920 0x52286c65
2023-09-16T03:02:14.210Z In(05) vmx hostCPUID level 80000003, 0: 0x6f432029 0x54286572 0x6920294d 0x31312d35
2023-09-16T03:02:14.210Z In(05) vmx hostCPUID level 80000004, 0: 0x37473533 0x32204020 0x4730342e 0x00007a48
2023-09-16T03:02:14.210Z In(05) vmx hostCPUID level 80000005, 0: 0x00000000 0x00000000 0x00000000 0x00000000
2023-09-16T03:02:14.210Z In(05) vmx hostCPUID level 80000006, 0: 0x00000000 0x00000000 0x01007040 0x00000000
2023-09-16T03:02:14.210Z In(05) vmx hostCPUID level 80000007, 0: 0x00000000 0x00000000 0x00000000 0x00000100
2023-09-16T03:02:14.210Z In(05) vmx hostCPUID level 80000008, 0: 0x00003027 0x00000000 0x00000000 0x00000000
2023-09-16T03:02:14.210Z In(05) vmx CPUID differences from hostCPUID.
2023-09-16T03:02:14.210Z In(05) vmx Physical APIC IDs: 0-7
2023-09-16T03:02:14.210Z In(05) vmx Physical X2APIC IDs: 0-7
2023-09-16T03:02:14.210Z In(05) vmx Common: MSR       0x3a =                0x5
2023-09-16T03:02:14.210Z In(05) vmx Common: MSR      0x480 =  0x1da050000000013
2023-09-16T03:02:14.210Z In(05) vmx Common: MSR      0x481 =       0xff00000016
2023-09-16T03:02:14.210Z In(05) vmx Common: MSR      0x482 = 0xfffbfffe0401e172
2023-09-16T03:02:14.210Z In(05) vmx Common: MSR      0x483 = 0x137fffff00036dff
2023-09-16T03:02:14.210Z In(05) vmx Common: MSR      0x484 =   0x16ffff000011ff
2023-09-16T03:02:14.210Z In(05) vmx Common: MSR      0x485 =         0x7004c1e7
2023-09-16T03:02:14.210Z In(05) vmx Common: MSR      0x486 =         0x80000021
2023-09-16T03:02:14.210Z In(05) vmx Common: MSR      0x487 =         0xffffffff
2023-09-16T03:02:14.210Z In(05) vmx Common: MSR      0x488 =             0x2000
2023-09-16T03:02:14.210Z In(05) vmx Common: MSR      0x489 =           0xff2fff
2023-09-16T03:02:14.210Z In(05) vmx Common: MSR      0x48a =               0x2e
2023-09-16T03:02:14.210Z In(05) vmx Common: MSR      0x48b =  0x35f3fff00000000
2023-09-16T03:02:14.210Z In(05) vmx Common: MSR      0x48c =      0xf0106f34141
2023-09-16T03:02:14.210Z In(05) vmx Common: MSR      0x48d =       0xff00000016
2023-09-16T03:02:14.210Z In(05) vmx Common: MSR      0x48e = 0xfffbfffe04006172
2023-09-16T03:02:14.210Z In(05) vmx Common: MSR      0x48f = 0x137fffff00036dfb
2023-09-16T03:02:14.210Z In(05) vmx Common: MSR      0x490 =   0x16ffff000011fb
2023-09-16T03:02:14.210Z In(05) vmx Common: MSR      0x491 =                0x1
2023-09-16T03:02:14.210Z In(05) vmx Common: MSR      0x492 =                0x1
2023-09-16T03:02:14.210Z In(05) vmx Common: MSR 0xc0010114 =                  0
2023-09-16T03:02:14.210Z In(05) vmx Common: MSR       0xce =         0x80000000
2023-09-16T03:02:14.210Z In(05) vmx Common: MSR      0x10a =               0x6b
2023-09-16T03:02:14.210Z In(05) vmx Common: MSR      0x122 =                  0
2023-09-16T03:02:14.210Z In(05) vmx VMMon_GetkHzEstimate: Calculated 2419203 kHz
2023-09-16T03:02:14.210Z In(05) vmx TSC Hz estimates: vmmon 2419203000, remembered 0, osReported 2419000000. Using 2419203000 Hz.
2023-09-16T03:02:14.210Z In(05) vmx TSC first measured delta 286
2023-09-16T03:02:14.210Z In(05) vmx TSC min delta 215
2023-09-16T03:02:14.210Z In(05) vmx PTSC: RefClockToPTSC 0 @ 10000000Hz -> 0 @ 2419203000Hz
2023-09-16T03:02:14.210Z In(05) vmx PTSC: RefClockToPTSC ((x * 4058749128) >> 24) + -64180695895552
2023-09-16T03:02:14.210Z In(05) vmx PTSC: tscOffset -134287601762729
2023-09-16T03:02:14.210Z In(05) vmx PTSC: using TSC
2023-09-16T03:02:14.210Z In(05) vmx PTSC: hardware TSCs are synchronized.
2023-09-16T03:02:14.210Z In(05) vmx PTSC: hardware TSCs may have been adjusted by the host.
2023-09-16T03:02:14.210Z In(05) vmx PTSC: current PTSC=82958
2023-09-16T03:02:14.220Z In(05) vmx WQPoolAllocPoll : pollIx = 3, signalHandle = 1096
2023-09-16T03:02:14.250Z In(05) vmx ConfigCheck: No rules file found. Checks are disabled.
2023-09-16T03:02:14.254Z In(05) vmx changing directory to D:\.
2023-09-16T03:02:14.254Z In(05) vmx Config file: D:\Windows 10 test.vmx
2023-09-16T03:02:14.254Z Wa(03) vmx FILE: File_IsRemote: No backslash in file D:
2023-09-16T03:02:14.254Z In(05) vmx Vix: [mainDispatch.c:4213]: VMAutomation_ReportPowerOpFinished: statevar=1, newAppState=1875, success=1 additionalError=0
2023-09-16T03:02:14.254Z In(05) vmx Vix: [mainDispatch.c:4213]: VMAutomation_ReportPowerOpFinished: statevar=2, newAppState=1878, success=1 additionalError=0
2023-09-16T03:02:14.295Z Wa(03) vmx PowerOn
2023-09-16T03:02:14.295Z In(05) vmx VMX_PowerOn: VMX build 20800274, UI build 20800274
2023-09-16T03:02:14.295Z In(05) vmx HostWin32: WIN32 NUMA node 0, CPU mask 0x00000000000000ff
2023-09-16T03:02:14.301Z In(05) vmx Vix: [mainDispatch.c:4213]: VMAutomation_ReportPowerOpFinished: statevar=0, newAppState=1871, success=1 additionalError=0
2023-09-16T03:02:14.301Z In(05) vmx VMXSTATS: Successfully created statsfile: Windows 10 test.scoreboard
2023-09-16T03:02:14.301Z In(05) vmx VMXSTATS: Update Product Information: VMware Workstation	17.0.0	build-20800274	Release  TotalBlockSize: 64
2023-09-16T03:02:14.301Z In(05) vmx HOST Windows version 10.0, build 22621, platform 2, ""
2023-09-16T03:02:14.301Z In(05) vmx DICT --- GLOBAL SETTINGS C:\ProgramData\VMware\VMware Workstation\settings.ini
2023-09-16T03:02:14.301Z In(05) vmx DICT          printers.enabled = "FALSE"
2023-09-16T03:02:14.301Z In(05) vmx DICT --- NON PERSISTENT (null)
2023-09-16T03:02:14.301Z In(05) vmx DICT --- USER PREFERENCES C:\Users\realme\AppData\Roaming\VMware\preferences.ini
2023-09-16T03:02:14.301Z In(05) vmx DICT   pref.lastUpdateCheckSec = "1694748386"
2023-09-16T03:02:14.301Z In(05) vmx DICT pref.keyboardAndMouse.vmHotKey.enabled = "FALSE"
2023-09-16T03:02:14.301Z In(05) vmx DICT pref.keyboardAndMouse.vmHotKey.count = "0"
2023-09-16T03:02:14.301Z In(05) vmx DICT pref.ws.session.window.count = "1"
2023-09-16T03:02:14.301Z In(05) vmx DICT pref.ws.session.window0.tab.count = "3"
2023-09-16T03:02:14.301Z In(05) vmx DICT pref.ws.session.window0.tab0.dest = ""
2023-09-16T03:02:14.301Z In(05) vmx DICT pref.ws.session.window0.tab0.file = ""
2023-09-16T03:02:14.301Z In(05) vmx DICT pref.ws.session.window0.tab0.type = "home"
2023-09-16T03:02:14.301Z In(05) vmx DICT pref.ws.session.window0.tab0.cnxType = "vmdb"
2023-09-16T03:02:14.301Z In(05) vmx DICT pref.ws.session.window0.tab0.focused = "FALSE"
2023-09-16T03:02:14.301Z In(05) vmx DICT pref.ws.session.window0.sidebar = "TRUE"
2023-09-16T03:02:14.301Z In(05) vmx DICT pref.ws.session.window0.sidebar.width = "459"
2023-09-16T03:02:14.301Z In(05) vmx DICT pref.ws.session.window0.statusBar = "TRUE"
2023-09-16T03:02:14.301Z In(05) vmx DICT pref.ws.session.window0.tabs = "TRUE"
2023-09-16T03:02:14.301Z In(05) vmx DICT pref.ws.session.window0.thumbnailBar = "FALSE"
2023-09-16T03:02:14.301Z In(05) vmx DICT pref.ws.session.window0.thumbnailBar.size = "100"
2023-09-16T03:02:14.301Z In(05) vmx DICT pref.ws.session.window0.thumbnailBar.view = "opened-vms"
2023-09-16T03:02:14.301Z In(05) vmx DICT pref.ws.session.window0.placement.left = "485"
2023-09-16T03:02:14.301Z In(05) vmx DICT pref.ws.session.window0.placement.top = "259"
2023-09-16T03:02:14.301Z In(05) vmx DICT pref.ws.session.window0.placement.right = "1974"
2023-09-16T03:02:14.301Z In(05) vmx DICT pref.ws.session.window0.placement.bottom = "1208"
2023-09-16T03:02:14.301Z In(05) vmx DICT pref.ws.session.window0.maximized = "TRUE"
2023-09-16T03:02:14.301Z In(05) vmx DICT         vmWizard.guestKey = "windows2019srv-64"
2023-09-16T03:02:14.301Z In(05) vmx DICT vmWizard.installMediaType = "later"
2023-09-16T03:02:14.301Z In(05) vmx DICT pref.ws.session.window0.tab1.cnxType = "vmdb"
2023-09-16T03:02:14.301Z In(05) vmx DICT       pref.license.maxNum = "1"
2023-09-16T03:02:14.301Z In(05) vmx DICT     pref.license0.version = "17.0"
2023-09-16T03:02:14.301Z In(05) vmx DICT pref.license0.registrationViewed = "FALSE"
2023-09-16T03:02:14.301Z In(05) vmx DICT pref.license0.lastEvalReminder = "13"
2023-09-16T03:02:14.301Z In(05) vmx DICT vmWizard.isoLocationMRU.count = "6"
2023-09-16T03:02:14.301Z In(05) vmx DICT vmWizard.isoLocationMRU0.location = "D:\17763.3650.221105-1748.rs5_release_svc_refresh_SERVER_EVAL_x64FRE_en-us.iso"
2023-09-16T03:02:14.301Z In(05) vmx DICT vmWizard.isoLocationMRU1.location = "D:\17763.3650.221105-1748.rs5_release_svc_refresh_SERVER_EVAL_x64FRE_en-us (1).iso"
2023-09-16T03:02:14.301Z In(05) vmx DICT pref.ws.session.window0.tab2.cnxType = "vmdb"
2023-09-16T03:02:14.301Z In(05) vmx DICT vmWizard.isoLocationMRU2.location = "Windows.iso"
2023-09-16T03:02:14.301Z In(05) vmx DICT vmWizard.isoLocationMRU3.location = "D:\Windows.iso"
2023-09-16T03:02:14.301Z In(05) vmx DICT vmWizard.isoLocationMRU4.location = "C:\Users\realme\Documents\Windows.iso"
2023-09-16T03:02:14.301Z In(05) vmx DICT vmWizard.isoLocationMRU5.location = "D:\ubuntu-22.04.3-desktop-amd64.iso"
2023-09-16T03:02:14.301Z In(05) vmx DICT pref.ws.session.window0.tab1.dest = ""
2023-09-16T03:02:14.301Z In(05) vmx DICT pref.ws.session.window0.tab1.file = "D:\video songs\Windows Server 2019.vmx"
2023-09-16T03:02:14.301Z In(05) vmx DICT pref.ws.session.window0.tab1.type = "vm"
2023-09-16T03:02:14.301Z In(05) vmx DICT pref.ws.session.window0.tab1.focused = "FALSE"
2023-09-16T03:02:14.301Z In(05) vmx DICT pref.ws.session.window0.tab2.dest = ""
2023-09-16T03:02:14.301Z In(05) vmx DICT pref.ws.session.window0.tab2.file = "D:\Windows 10 test.vmx"
2023-09-16T03:02:14.301Z In(05) vmx DICT pref.ws.session.window0.tab2.type = "vm"
2023-09-16T03:02:14.301Z In(05) vmx DICT pref.ws.session.window0.tab2.focused = "TRUE"
2023-09-16T03:02:14.301Z In(05) vmx DICT --- USER DEFAULTS C:\Users\realme\AppData\Roaming\VMware\config.ini
2023-09-16T03:02:14.301Z In(05) vmx DICT --- HOST DEFAULTS C:\ProgramData\VMware\VMware Workstation\config.ini
2023-09-16T03:02:14.301Z In(05) vmx DICT         authd.client.port = "902"
2023-09-16T03:02:14.301Z In(05) vmx DICT           authd.proxy.nfc = "vmware-hostd:ha-nfc"
2023-09-16T03:02:14.301Z In(05) vmx DICT installerDefaults.autoSoftwareUpdateEnabled = "yes"
2023-09-16T03:02:14.301Z In(05) vmx DICT installerDefaults.autoSoftwareUpdateEnabled.epoch = "19867"
2023-09-16T03:02:14.301Z In(05) vmx DICT installerDefaults.componentDownloadEnabled = "yes"
2023-09-16T03:02:14.301Z In(05) vmx DICT installerDefaults.dataCollectionEnabled = "yes"
2023-09-16T03:02:14.301Z In(05) vmx DICT installerDefaults.dataCollectionEnabled.epoch = "19867"
2023-09-16T03:02:14.301Z In(05) vmx DICT --- SITE DEFAULTS C:\ProgramData\VMware\VMware Workstation\config.ini
2023-09-16T03:02:14.301Z In(05) vmx DICT         authd.client.port = "902"
2023-09-16T03:02:14.301Z In(05) vmx DICT           authd.proxy.nfc = "vmware-hostd:ha-nfc"
2023-09-16T03:02:14.301Z In(05) vmx DICT installerDefaults.autoSoftwareUpdateEnabled = "yes"
2023-09-16T03:02:14.301Z In(05) vmx DICT installerDefaults.autoSoftwareUpdateEnabled.epoch = "19867"
2023-09-16T03:02:14.301Z In(05) vmx DICT installerDefaults.componentDownloadEnabled = "yes"
2023-09-16T03:02:14.301Z In(05) vmx DICT installerDefaults.dataCollectionEnabled = "yes"
2023-09-16T03:02:14.301Z In(05) vmx DICT installerDefaults.dataCollectionEnabled.epoch = "19867"
2023-09-16T03:02:14.301Z In(05) vmx DICT --- NONPERSISTENT
2023-09-16T03:02:14.301Z In(05) vmx DICT            vmx.stdio.keep = "TRUE"
2023-09-16T03:02:14.301Z In(05) vmx DICT             gui.available = "TRUE"
2023-09-16T03:02:14.301Z In(05) vmx DICT --- COMMAND LINE
2023-09-16T03:02:14.301Z In(05) vmx DICT            vmx.stdio.keep = "TRUE"
2023-09-16T03:02:14.301Z In(05) vmx DICT             gui.available = "TRUE"
2023-09-16T03:02:14.301Z In(05) vmx DICT --- RECORDING
2023-09-16T03:02:14.301Z In(05) vmx DICT            vmx.stdio.keep = "TRUE"
2023-09-16T03:02:14.301Z In(05) vmx DICT             gui.available = "TRUE"
2023-09-16T03:02:14.301Z In(05) vmx DICT --- CONFIGURATION D:\Windows 10 test.vmx 
2023-09-16T03:02:14.301Z In(05) vmx DICT            config.version = "8"
2023-09-16T03:02:14.301Z In(05) vmx DICT         virtualHW.version = "20"
2023-09-16T03:02:14.301Z In(05) vmx DICT              mks.enable3d = "TRUE"
2023-09-16T03:02:14.301Z In(05) vmx DICT        pciBridge0.present = "TRUE"
2023-09-16T03:02:14.301Z In(05) vmx DICT        pciBridge4.present = "TRUE"
2023-09-16T03:02:14.301Z In(05) vmx DICT     pciBridge4.virtualDev = "pcieRootPort"
2023-09-16T03:02:14.301Z In(05) vmx DICT      pciBridge4.functions = "8"
2023-09-16T03:02:14.301Z In(05) vmx DICT        pciBridge5.present = "TRUE"
2023-09-16T03:02:14.301Z In(05) vmx DICT     pciBridge5.virtualDev = "pcieRootPort"
2023-09-16T03:02:14.301Z In(05) vmx DICT      pciBridge5.functions = "8"
2023-09-16T03:02:14.301Z In(05) vmx DICT        pciBridge6.present = "TRUE"
2023-09-16T03:02:14.301Z In(05) vmx DICT     pciBridge6.virtualDev = "pcieRootPort"
2023-09-16T03:02:14.301Z In(05) vmx DICT      pciBridge6.functions = "8"
2023-09-16T03:02:14.301Z In(05) vmx DICT        pciBridge7.present = "TRUE"
2023-09-16T03:02:14.301Z In(05) vmx DICT     pciBridge7.virtualDev = "pcieRootPort"
2023-09-16T03:02:14.301Z In(05) vmx DICT      pciBridge7.functions = "8"
2023-09-16T03:02:14.301Z In(05) vmx DICT             vmci0.present = "TRUE"
2023-09-16T03:02:14.301Z In(05) vmx DICT             hpet0.present = "TRUE"
2023-09-16T03:02:14.301Z In(05) vmx DICT                     nvram = "Windows 10 test.nvram"
2023-09-16T03:02:14.301Z In(05) vmx DICT virtualHW.productCompatibility = "hosted"
2023-09-16T03:02:14.301Z In(05) vmx DICT        powerType.powerOff = "soft"
2023-09-16T03:02:14.301Z In(05) vmx DICT         powerType.powerOn = "soft"
2023-09-16T03:02:14.301Z In(05) vmx DICT         powerType.suspend = "soft"
2023-09-16T03:02:14.301Z In(05) vmx DICT           powerType.reset = "soft"
2023-09-16T03:02:14.301Z In(05) vmx DICT               displayName = "Windows 10 test"
2023-09-16T03:02:14.301Z In(05) vmx DICT usb.vbluetooth.startConnected = "TRUE"
2023-09-16T03:02:14.301Z In(05) vmx DICT           sensor.location = "pass-through"
2023-09-16T03:02:14.301Z In(05) vmx DICT                   guestOS = "windows9"
2023-09-16T03:02:14.301Z In(05) vmx DICT            tools.syncTime = "FALSE"
2023-09-16T03:02:14.301Z In(05) vmx DICT          sound.autoDetect = "TRUE"
2023-09-16T03:02:14.301Z In(05) vmx DICT          sound.virtualDev = "hdaudio"
2023-09-16T03:02:14.301Z In(05) vmx DICT            sound.fileName = "-1"
2023-09-16T03:02:14.301Z In(05) vmx DICT             sound.present = "TRUE"
2023-09-16T03:02:14.301Z In(05) vmx DICT                  numvcpus = "2"
2023-09-16T03:02:14.301Z In(05) vmx DICT      cpuid.coresPerSocket = "1"
2023-09-16T03:02:14.301Z In(05) vmx DICT                   memsize = "4096"
2023-09-16T03:02:14.301Z In(05) vmx DICT                mem.hotadd = "TRUE"
2023-09-16T03:02:14.301Z In(05) vmx DICT             sata0.present = "TRUE"
2023-09-16T03:02:14.301Z In(05) vmx DICT             nvme0.present = "TRUE"
2023-09-16T03:02:14.301Z In(05) vmx DICT          nvme0:0.fileName = "Windows 10 test.vmdk"
2023-09-16T03:02:14.301Z In(05) vmx DICT           nvme0:0.present = "TRUE"
2023-09-16T03:02:14.301Z In(05) vmx DICT        sata0:1.deviceType = "cdrom-image"
2023-09-16T03:02:14.301Z In(05) vmx DICT          sata0:1.fileName = "Windows.iso"
2023-09-16T03:02:14.301Z In(05) vmx DICT           sata0:1.present = "TRUE"
2023-09-16T03:02:14.301Z In(05) vmx DICT               usb.present = "TRUE"
2023-09-16T03:02:14.301Z In(05) vmx DICT              ehci.present = "TRUE"
2023-09-16T03:02:14.301Z In(05) vmx DICT          usb_xhci.present = "TRUE"
2023-09-16T03:02:14.301Z In(05) vmx DICT     svga.graphicsMemoryKB = "8388608"
2023-09-16T03:02:14.301Z In(05) vmx DICT  ethernet0.connectionType = "nat"
2023-09-16T03:02:14.301Z In(05) vmx DICT     ethernet0.addressType = "generated"
2023-09-16T03:02:14.301Z In(05) vmx DICT      ethernet0.virtualDev = "e1000e"
2023-09-16T03:02:14.301Z In(05) vmx DICT          serial0.fileType = "thinprint"
2023-09-16T03:02:14.301Z In(05) vmx DICT          serial0.fileName = "thinprint"
2023-09-16T03:02:14.301Z In(05) vmx DICT         ethernet0.present = "TRUE"
2023-09-16T03:02:14.301Z In(05) vmx DICT           serial0.present = "TRUE"
2023-09-16T03:02:14.301Z In(05) vmx DICT        extendedConfigFile = "Windows 10 test.vmxf"
2023-09-16T03:02:14.301Z In(05) vmx DICT           floppy0.present = "FALSE"
2023-09-16T03:02:14.301Z In(05) vmx DICT         vmxstats.filename = "Windows 10 test.scoreboard"
2023-09-16T03:02:14.301Z In(05) vmx DICT      numa.autosize.cookie = "20012"
2023-09-16T03:02:14.301Z In(05) vmx DICT numa.autosize.vcpu.maxPerVirtualNode = "2"
2023-09-16T03:02:14.301Z In(05) vmx DICT                 uuid.bios = "56 4d 69 01 41 a5 65 23-84 ac ac 63 20 04 04 bc"
2023-09-16T03:02:14.301Z In(05) vmx DICT             uuid.location = "56 4d 69 01 41 a5 65 23-84 ac ac 63 20 04 04 bc"
2023-09-16T03:02:14.301Z In(05) vmx DICT                  vm.genid = "-6097164210774764672"
2023-09-16T03:02:14.301Z In(05) vmx DICT                 vm.genidX = "-4869091992312888811"
2023-09-16T03:02:14.301Z In(05) vmx DICT  pciBridge0.pciSlotNumber = "17"
2023-09-16T03:02:14.301Z In(05) vmx DICT  pciBridge4.pciSlotNumber = "21"
2023-09-16T03:02:14.301Z In(05) vmx DICT  pciBridge5.pciSlotNumber = "22"
2023-09-16T03:02:14.301Z In(05) vmx DICT  pciBridge6.pciSlotNumber = "23"
2023-09-16T03:02:14.301Z In(05) vmx DICT  pciBridge7.pciSlotNumber = "24"
2023-09-16T03:02:14.301Z In(05) vmx DICT         usb.pciSlotNumber = "32"
2023-09-16T03:02:14.301Z In(05) vmx DICT   ethernet0.pciSlotNumber = "160"
2023-09-16T03:02:14.301Z In(05) vmx DICT       sound.pciSlotNumber = "33"
2023-09-16T03:02:14.301Z In(05) vmx DICT        ehci.pciSlotNumber = "34"
2023-09-16T03:02:14.301Z In(05) vmx DICT    usb_xhci.pciSlotNumber = "192"
2023-09-16T03:02:14.301Z In(05) vmx DICT       sata0.pciSlotNumber = "35"
2023-09-16T03:02:14.301Z In(05) vmx DICT       nvme0.pciSlotNumber = "224"
2023-09-16T03:02:14.301Z In(05) vmx DICT              nvme0:0.redo = ""
2023-09-16T03:02:14.301Z In(05) vmx DICT             svga.vramSize = "268435456"
2023-09-16T03:02:14.301Z In(05) vmx DICT  vmotion.checkpointFBSize = "134217728"
2023-09-16T03:02:14.301Z In(05) vmx DICT vmotion.checkpointSVGAPrimarySize = "268435456"
2023-09-16T03:02:14.301Z In(05) vmx DICT   vmotion.svga.mobMaxSize = "1073741824"
2023-09-16T03:02:14.301Z In(05) vmx DICT vmotion.svga.graphicsMemoryKB = "8388608"
2023-09-16T03:02:14.301Z In(05) vmx DICT   vmotion.svga.supports3D = "1"
2023-09-16T03:02:14.301Z In(05) vmx DICT vmotion.svga.baseCapsLevel = "9"
2023-09-16T03:02:14.301Z In(05) vmx DICT vmotion.svga.maxPointSize = "1"
2023-09-16T03:02:14.301Z In(05) vmx DICT vmotion.svga.maxTextureSize = "16384"
2023-09-16T03:02:14.301Z In(05) vmx DICT vmotion.svga.maxVolumeExtent = "2048"
2023-09-16T03:02:14.301Z In(05) vmx DICT vmotion.svga.maxTextureAnisotropy = "16"
2023-09-16T03:02:14.301Z In(05) vmx DICT  vmotion.svga.lineStipple = "0"
2023-09-16T03:02:14.301Z In(05) vmx DICT vmotion.svga.dxMaxConstantBuffers = "15"
2023-09-16T03:02:14.301Z In(05) vmx DICT vmotion.svga.dxProvokingVertex = "0"
2023-09-16T03:02:14.301Z In(05) vmx DICT         vmotion.svga.sm41 = "1"
2023-09-16T03:02:14.301Z In(05) vmx DICT vmotion.svga.multisample2x = "1"
2023-09-16T03:02:14.301Z In(05) vmx DICT vmotion.svga.multisample4x = "1"
2023-09-16T03:02:14.301Z In(05) vmx DICT vmotion.svga.msFullQuality = "1"
2023-09-16T03:02:14.301Z In(05) vmx DICT     vmotion.svga.logicOps = "1"
2023-09-16T03:02:14.301Z In(05) vmx DICT         vmotion.svga.bc67 = "9"
2023-09-16T03:02:14.301Z In(05) vmx DICT          vmotion.svga.sm5 = "1"
2023-09-16T03:02:14.301Z In(05) vmx DICT vmotion.svga.multisample8x = "1"
2023-09-16T03:02:14.301Z In(05) vmx DICT vmotion.svga.logicBlendOps = "0"
2023-09-16T03:02:14.301Z In(05) vmx DICT vmotion.svga.maxForcedSampleCount = "16"
2023-09-16T03:02:14.301Z In(05) vmx DICT         vmotion.svga.gl43 = "1"
2023-09-16T03:02:14.301Z In(05) vmx DICT ethernet0.generatedAddress = "00:0c:29:04:04:bc"
2023-09-16T03:02:14.301Z In(05) vmx DICT ethernet0.generatedAddressOffset = "0"
2023-09-16T03:02:14.301Z In(05) vmx DICT                  vmci0.id = "537134268"
2023-09-16T03:02:14.301Z In(05) vmx DICT    monitor.phys_bits_used = "45"
2023-09-16T03:02:14.301Z In(05) vmx DICT             cleanShutdown = "TRUE"
2023-09-16T03:02:14.301Z In(05) vmx DICT              softPowerOff = "FALSE"
2023-09-16T03:02:14.301Z In(05) vmx DICT               usb:1.speed = "2"
2023-09-16T03:02:14.301Z In(05) vmx DICT             usb:1.present = "TRUE"
2023-09-16T03:02:14.301Z In(05) vmx DICT          usb:1.deviceType = "hub"
2023-09-16T03:02:14.301Z In(05) vmx DICT                usb:1.port = "1"
2023-09-16T03:02:14.301Z In(05) vmx DICT              usb:1.parent = "-1"
2023-09-16T03:02:14.301Z In(05) vmx DICT       tools.remindInstall = "TRUE"
2023-09-16T03:02:14.301Z In(05) vmx DICT        usb_xhci:4.present = "TRUE"
2023-09-16T03:02:14.301Z In(05) vmx DICT     usb_xhci:4.deviceType = "hid"
2023-09-16T03:02:14.301Z In(05) vmx DICT           usb_xhci:4.port = "4"
2023-09-16T03:02:14.301Z In(05) vmx DICT         usb_xhci:4.parent = "-1"
2023-09-16T03:02:14.301Z In(05) vmx DICT        checkpoint.vmState = "Windows 10 test-0b87dbff.vmss"
2023-09-16T03:02:14.301Z In(05) vmx DICT --- USER DEFAULTS C:\Users\realme\AppData\Roaming\VMware\config.ini 
2023-09-16T03:02:14.301Z In(05) vmx DICT --- HOST DEFAULTS C:\ProgramData\VMware\VMware Workstation\config.ini 
2023-09-16T03:02:14.301Z In(05) vmx DICT         authd.client.port = "902"
2023-09-16T03:02:14.301Z In(05) vmx DICT           authd.proxy.nfc = "vmware-hostd:ha-nfc"
2023-09-16T03:02:14.301Z In(05) vmx DICT installerDefaults.autoSoftwareUpdateEnabled = "yes"
2023-09-16T03:02:14.301Z In(05) vmx DICT installerDefaults.autoSoftwareUpdateEnabled.epoch = "19867"
2023-09-16T03:02:14.301Z In(05) vmx DICT installerDefaults.componentDownloadEnabled = "yes"
2023-09-16T03:02:14.301Z In(05) vmx DICT installerDefaults.dataCollectionEnabled = "yes"
2023-09-16T03:02:14.301Z In(05) vmx DICT installerDefaults.dataCollectionEnabled.epoch = "19867"
2023-09-16T03:02:14.301Z In(05) vmx DICT --- SITE DEFAULTS C:\ProgramData\VMware\VMware Workstation\config.ini 
2023-09-16T03:02:14.301Z In(05) vmx DICT         authd.client.port = "902"
2023-09-16T03:02:14.301Z In(05) vmx DICT           authd.proxy.nfc = "vmware-hostd:ha-nfc"
2023-09-16T03:02:14.301Z In(05) vmx DICT installerDefaults.autoSoftwareUpdateEnabled = "yes"
2023-09-16T03:02:14.301Z In(05) vmx DICT installerDefaults.autoSoftwareUpdateEnabled.epoch = "19867"
2023-09-16T03:02:14.301Z In(05) vmx DICT installerDefaults.componentDownloadEnabled = "yes"
2023-09-16T03:02:14.301Z In(05) vmx DICT installerDefaults.dataCollectionEnabled = "yes"
2023-09-16T03:02:14.301Z In(05) vmx DICT installerDefaults.dataCollectionEnabled.epoch = "19867"
2023-09-16T03:02:14.301Z In(05) vmx DICT --- GLOBAL SETTINGS C:\ProgramData\VMware\VMware Workstation\settings.ini 
2023-09-16T03:02:14.301Z In(05) vmx DICT          printers.enabled = "FALSE"
2023-09-16T03:02:14.301Z In(05) vmx Powering on guestOS 'windows9' using the configuration for 'windows9'.
2023-09-16T03:02:14.301Z In(05) vmx ToolsISO: open of C:\Program Files (x86)\VMware\VMware Workstation\isoimages_manifest.txt.sig failed: Could not find the file
2023-09-16T03:02:14.301Z In(05) vmx ToolsISO: Unable to read signature file 'C:\Program Files (x86)\VMware\VMware Workstation\isoimages_manifest.txt.sig', ignoring.
2023-09-16T03:02:14.301Z In(05) vmx ToolsISO: Updated cached value for imageName to 'windows.iso'.
2023-09-16T03:02:14.301Z In(05) vmx ToolsISO: Selected Tools ISO 'windows.iso' for 'windows9' guest.
2023-09-16T03:02:14.301Z Wa(03) vmx FILE: File_IsRemote: No backslash in file D:
2023-09-16T03:02:14.301Z In(05) vmx DUMPER: Restoring checkpoint version 8.
2023-09-16T03:02:14.307Z In(05) vmx Checkpointed in VMware Workstation, 17.0.0, build-20800274, Windows Host
2023-09-16T03:02:14.307Z In(05) vmx Resuming virtual machine from D:\Windows 10 test-0b87dbff.vmss with 4096 MB of memory.
2023-09-16T03:02:14.307Z In(05) vmx Vix: [mainDispatch.c:4213]: VMAutomation_ReportPowerOpFinished: statevar=1, newAppState=1873, success=1 additionalError=0
2023-09-16T03:02:14.307Z In(05) vmx Monitor Mode: CPL0
2023-09-16T03:02:14.320Z In(05) vmx nvmeShared size: 3752, numAdapters: 1
2023-09-16T03:02:14.320Z In(05) vmx MemSched_EarlyPowerOn: balloon minGuestSize 209715 (80% of min required size 262144)
2023-09-16T03:02:14.320Z In(05) vmx OvhdMem_PowerOn: initial admission: paged  4140402 nonpaged    37387 anonymous     8418
2023-09-16T03:02:14.320Z In(05) vmx VMMEM: Initial Reservation: 16352MB (MainMem=4096MB)
2023-09-16T03:02:14.320Z In(05) vmx numa: Resuming from checkpoint using VPD = 2
2023-09-16T03:02:14.320Z In(05) vmx llc: maximum vcpus per LLC: 1
2023-09-16T03:02:14.320Z In(05) vmx llc: vLLC size: 1
2023-09-16T03:02:14.323Z In(05) vmx MemSched: reserved mem (in MB) min 128 max 6231 recommended 6231
2023-09-16T03:02:14.323Z In(05) vmx MemSched: pg 4140402 np 37387 anon 8418 mem 1048576
2023-09-16T03:02:14.364Z In(05) vmx MemSched: numvm 1 locked pages: num 0 max 1586944
2023-09-16T03:02:14.364Z In(05) vmx MemSched: locked Page Limit: host 1680315 config 1595136
2023-09-16T03:02:14.364Z In(05) vmx MemSched: minmempct 50 minalloc 0 admitted 1
2023-09-16T03:02:14.364Z In(05) PowerNotifyThread VTHREAD 3652 "PowerNotifyThread"
2023-09-16T03:02:14.364Z In(05) PowerNotifyThread PowerNotify thread is alive.
2023-09-16T03:02:14.364Z In(05) vmx VMXSTATS: Registering 1 stats: vmx.logDropChars
2023-09-16T03:02:14.364Z In(05) vmx VMXSTATS: Registering 2 stats: vmx.logBytesLogged
2023-09-16T03:02:14.364Z In(05) vmx VMXSTATS: Registering 3 stats: vmx.numTimesLogDrop
2023-09-16T03:02:14.369Z In(05) vmx LICENSE using: 'HKEY_LOCAL_MACHINE\SOFTWARE\VMware, Inc.\VMware Workstation\License.ws.17.0.e3.202208' 
2023-09-16T03:02:14.370Z In(05) vthread-7760 VTHREAD 7760 "vthread-7760"
2023-09-16T03:02:14.370Z In(05) vmx Win32U_GetFileAttributes: GetFileAttributesExW("D:\Windows 10 test.vmpl", ...) failed, error: 2
2023-09-16T03:02:14.370Z In(05) vmx PolicyVMXFindPolicyKey: policy file does not exist.
2023-09-16T03:02:14.370Z In(05) vmx Win32U_GetFileAttributes: GetFileAttributesExW("D:\Windows 10 test.vmpl", ...) failed, error: 2
2023-09-16T03:02:14.370Z In(05) vmx PolicyVMXFindPolicyKey: policy file does not exist.
2023-09-16T03:02:14.370Z In(05) vmx Host PA size: 39 bits. Guest PA size: 45 bits.
2023-09-16T03:02:14.371Z In(05) vmx ToolsISO: Refreshing imageName for 'windows9' (refreshCount=1, lastCount=1).
2023-09-16T03:02:14.371Z In(05) vmx ToolsISO: open of C:\Program Files (x86)\VMware\VMware Workstation\isoimages_manifest.txt.sig failed: Could not find the file
2023-09-16T03:02:14.371Z In(05) vmx ToolsISO: Unable to read signature file 'C:\Program Files (x86)\VMware\VMware Workstation\isoimages_manifest.txt.sig', ignoring.
2023-09-16T03:02:14.373Z In(05) vmx ToolsISO: Updated cached value for imageName to 'windows.iso'.
2023-09-16T03:02:14.373Z In(05) vmx ToolsISO: Selected Tools ISO 'windows.iso' for 'windows9' guest.
2023-09-16T03:02:14.373Z In(05) deviceThread VTHREAD 14020 "deviceThread"
2023-09-16T03:02:14.373Z In(05) deviceThread Device thread is alive
2023-09-16T03:02:14.373Z In(05) vmx Host VT-x Capabilities:
2023-09-16T03:02:14.373Z In(05) vmx Basic VMX Information (0x01da050000000013)
2023-09-16T03:02:14.373Z In(05) vmx   VMCS revision ID                          19
2023-09-16T03:02:14.373Z In(05) vmx   VMCS region length                      1280
2023-09-16T03:02:14.373Z In(05) vmx   VMX physical-address width           natural
2023-09-16T03:02:14.373Z In(05) vmx   SMM dual-monitor mode                    yes
2023-09-16T03:02:14.373Z In(05) vmx   VMCS memory type                          WB
2023-09-16T03:02:14.373Z In(05) vmx   Advanced INS/OUTS info                   yes
2023-09-16T03:02:14.373Z In(05) vmx   True VMX MSRs                            yes
2023-09-16T03:02:14.373Z In(05) vmx   Exception Injection ignores error code   yes
2023-09-16T03:02:14.373Z In(05) vmx True Pin-Based VM-Execution Controls (0x000000ff00000016)
2023-09-16T03:02:14.373Z In(05) vmx   External-interrupt exiting               {0,1}
2023-09-16T03:02:14.373Z In(05) vmx   NMI exiting                              {0,1}
2023-09-16T03:02:14.373Z In(05) vmx   Virtual NMIs                             {0,1}
2023-09-16T03:02:14.373Z In(05) vmx   Activate VMX-preemption timer            {0,1}
2023-09-16T03:02:14.373Z In(05) vmx   Process posted interrupts                {0,1}
2023-09-16T03:02:14.373Z In(05) vmx True Primary Processor-Based VM-Execution Controls (0xfffbfffe04006172)
2023-09-16T03:02:14.373Z In(05) vmx   Interrupt-window exiting                 {0,1}
2023-09-16T03:02:14.373Z In(05) vmx   Use TSC offsetting                       {0,1}
2023-09-16T03:02:14.373Z In(05) vmx   HLT exiting                              {0,1}
2023-09-16T03:02:14.373Z In(05) vmx   INVLPG exiting                           {0,1}
2023-09-16T03:02:14.373Z In(05) vmx   MWAIT exiting                            {0,1}
2023-09-16T03:02:14.373Z In(05) vmx   RDPMC exiting                            {0,1}
2023-09-16T03:02:14.373Z In(05) vmx   RDTSC exiting                            {0,1}
2023-09-16T03:02:14.373Z In(05) vmx   CR3-load exiting                         {0,1}
2023-09-16T03:02:14.373Z In(05) vmx   CR3-store exiting                        {0,1}
2023-09-16T03:02:14.373Z In(05) vmx   Activate tertiary controls               {0,1}
2023-09-16T03:02:14.373Z In(05) vmx   CR8-load exiting                         {0,1}
2023-09-16T03:02:14.373Z In(05) vmx   CR8-store exiting                        {0,1}
2023-09-16T03:02:14.373Z In(05) vmx   Use TPR shadow                           {0,1}
2023-09-16T03:02:14.373Z In(05) vmx   NMI-window exiting                       {0,1}
2023-09-16T03:02:14.373Z In(05) vmx   MOV-DR exiting                           {0,1}
2023-09-16T03:02:14.373Z In(05) vmx   Unconditional I/O exiting                {0,1}
2023-09-16T03:02:14.373Z In(05) vmx   Use I/O bitmaps                          {0,1}
2023-09-16T03:02:14.373Z In(05) vmx   Monitor trap flag                        {0,1}
2023-09-16T03:02:14.373Z In(05) vmx   Use MSR bitmaps                          {0,1}
2023-09-16T03:02:14.373Z In(05) vmx   MONITOR exiting                          {0,1}
2023-09-16T03:02:14.373Z In(05) vmx   PAUSE exiting                            {0,1}
2023-09-16T03:02:14.373Z In(05) vmx   Activate secondary controls              {0,1}
2023-09-16T03:02:14.373Z In(05) vmx Secondary Processor-Based VM-Execution Controls (0x035f3fff00000000)
2023-09-16T03:02:14.373Z In(05) vmx   Virtualize APIC accesses                 {0,1}
2023-09-16T03:02:14.373Z In(05) vmx   Enable EPT                               {0,1}
2023-09-16T03:02:14.373Z In(05) vmx   Descriptor-table exiting                 {0,1}
2023-09-16T03:02:14.373Z In(05) vmx   Enable RDTSCP                            {0,1}
2023-09-16T03:02:14.373Z In(05) vmx   Virtualize x2APIC mode                   {0,1}
2023-09-16T03:02:14.373Z In(05) vmx   Enable VPID                              {0,1}
2023-09-16T03:02:14.373Z In(05) vmx   WBINVD exiting                           {0,1}
2023-09-16T03:02:14.373Z In(05) vmx   Unrestricted guest                       {0,1}
2023-09-16T03:02:14.373Z In(05) vmx   APIC-register virtualization             {0,1}
2023-09-16T03:02:14.373Z In(05) vmx   Virtual-interrupt delivery               {0,1}
2023-09-16T03:02:14.373Z In(05) vmx   PAUSE-loop exiting                       {0,1}
2023-09-16T03:02:14.373Z In(05) vmx   RDRAND exiting                           {0,1}
2023-09-16T03:02:14.373Z In(05) vmx   Enable INVPCID                           {0,1}
2023-09-16T03:02:14.373Z In(05) vmx   Enable VM Functions                      {0,1}
2023-09-16T03:02:14.373Z In(05) vmx   Use VMCS shadowing                       { 0 }
2023-09-16T03:02:14.373Z In(05) vmx   ENCLS exiting                            { 0 }
2023-09-16T03:02:14.373Z In(05) vmx   RDSEED exiting                           {0,1}
2023-09-16T03:02:14.373Z In(05) vmx   Enable PML                               {0,1}
2023-09-16T03:02:14.373Z In(05) vmx   EPT-violation #VE                        {0,1}
2023-09-16T03:02:14.373Z In(05) vmx   Conceal VMX from PT                      {0,1}
2023-09-16T03:02:14.373Z In(05) vmx   Enable XSAVES/XRSTORS                    {0,1}
2023-09-16T03:02:14.373Z In(05) vmx   PASID translation                        { 0 }
2023-09-16T03:02:14.373Z In(05) vmx   Mode-based execute control for EPT       {0,1}
2023-09-16T03:02:14.373Z In(05) vmx   Sub-page write permissions for EPT       { 0 }
2023-09-16T03:02:14.373Z In(05) vmx   PT uses guest physical addresses         {0,1}
2023-09-16T03:02:14.373Z In(05) vmx   Use TSC scaling                          {0,1}
2023-09-16T03:02:14.373Z In(05) vmx   Enable UMWAIT and TPAUSE                 { 0 }
2023-09-16T03:02:14.373Z In(05) vmx   Enable ENCLV in VMX non-root mode        { 0 }
2023-09-16T03:02:14.373Z In(05) vmx   Enable EPC Virtualization Extensions     { 0 }
2023-09-16T03:02:14.373Z In(05) vmx   Bus lock exiting                         { 0 }
2023-09-16T03:02:14.373Z In(05) vmx   Notification VM exits                    { 0 }
2023-09-16T03:02:14.373Z In(05) vmx Tertiary Processor-Based VM-Execution Controls (0x0000000000000001)
2023-09-16T03:02:14.373Z In(05) vmx   LOADIWKEY exiting                         yes
2023-09-16T03:02:14.373Z In(05) vmx   Enable HLAT                                no
2023-09-16T03:02:14.373Z In(05) vmx   Enable Paging-Write                        no
2023-09-16T03:02:14.373Z In(05) vmx   Enable Guest Paging Verification           no
2023-09-16T03:02:14.373Z In(05) vmx   Enable IPI Virtualization                  no
2023-09-16T03:02:14.373Z In(05) vmx True VM-Exit Controls (0x137fffff00036dfb)
2023-09-16T03:02:14.373Z In(05) vmx   Save debug controls                      {0,1}
2023-09-16T03:02:14.373Z In(05) vmx   Host address-space size                  {0,1}
2023-09-16T03:02:14.373Z In(05) vmx   Load IA32_PERF_GLOBAL_CTRL               {0,1}
2023-09-16T03:02:14.373Z In(05) vmx   Acknowledge interrupt on exit            {0,1}
2023-09-16T03:02:14.373Z In(05) vmx   Save IA32_PAT                            {0,1}
2023-09-16T03:02:14.373Z In(05) vmx   Load IA32_PAT                            {0,1}
2023-09-16T03:02:14.373Z In(05) vmx   Save IA32_EFER                           {0,1}
2023-09-16T03:02:14.373Z In(05) vmx   Load IA32_EFER                           {0,1}
2023-09-16T03:02:14.373Z In(05) vmx   Save VMX-preemption timer                {0,1}
2023-09-16T03:02:14.373Z In(05) vmx   Clear IA32_BNDCFGS                       { 0 }
2023-09-16T03:02:14.373Z In(05) vmx   Conceal VMX from processor trace         {0,1}
2023-09-16T03:02:14.373Z In(05) vmx   Clear IA32_RTIT MSR                      {0,1}
2023-09-16T03:02:14.373Z In(05) vmx   Clear IA32_LBR_CTL MSR                   { 0 }
2023-09-16T03:02:14.373Z In(05) vmx   Clear user-interrupt notification vector { 0 }
2023-09-16T03:02:14.373Z In(05) vmx   Load CET state                           {0,1}
2023-09-16T03:02:14.373Z In(05) vmx   Load PKRS                                { 0 }
2023-09-16T03:02:14.373Z In(05) vmx True VM-Entry Controls (0x0016ffff000011fb)
2023-09-16T03:02:14.373Z In(05) vmx   Load debug controls                      {0,1}
2023-09-16T03:02:14.373Z In(05) vmx   IA-32e mode guest                        {0,1}
2023-09-16T03:02:14.373Z In(05) vmx   Entry to SMM                             {0,1}
2023-09-16T03:02:14.373Z In(05) vmx   Deactivate dual-monitor mode             {0,1}
2023-09-16T03:02:14.373Z In(05) vmx   Load IA32_PERF_GLOBAL_CTRL               {0,1}
2023-09-16T03:02:14.373Z In(05) vmx   Load IA32_PAT                            {0,1}
2023-09-16T03:02:14.373Z In(05) vmx   Load IA32_EFER                           {0,1}
2023-09-16T03:02:14.373Z In(05) vmx   Load IA32_BNDCFGS                        { 0 }
2023-09-16T03:02:14.373Z In(05) vmx   Conceal VMX from processor trace         {0,1}
2023-09-16T03:02:14.373Z In(05) vmx   Load IA32_RTIT MSR                       {0,1}
2023-09-16T03:02:14.373Z In(05) vmx   Load user-interrupt notification vector  { 0 }
2023-09-16T03:02:14.373Z In(05) vmx   Load CET state                           {0,1}
2023-09-16T03:02:14.373Z In(05) vmx   Load IA32_LBR_CTL MSR                    { 0 }
2023-09-16T03:02:14.373Z In(05) vmx   Load PKRS                                { 0 }
2023-09-16T03:02:14.373Z In(05) vmx VPID and EPT Capabilities (0x00000f0106f34141)
2023-09-16T03:02:14.373Z In(05) vmx   R=0/W=0/X=1                               yes
2023-09-16T03:02:14.373Z In(05) vmx   Page-walk length 3                        yes
2023-09-16T03:02:14.373Z In(05) vmx   EPT memory type WB                        yes
2023-09-16T03:02:14.373Z In(05) vmx   2MB super-page                            yes
2023-09-16T03:02:14.373Z In(05) vmx   1GB super-page                            yes
2023-09-16T03:02:14.373Z In(05) vmx   INVEPT support                            yes
2023-09-16T03:02:14.373Z In(05) vmx   Access & Dirty Bits                       yes
2023-09-16T03:02:14.373Z In(05) vmx   Advanced VM exit information for EPT violations   yes
2023-09-16T03:02:14.373Z In(05) vmx   Supervisor shadow-stack control           yes
2023-09-16T03:02:14.373Z In(05) vmx   Type 1 INVEPT                             yes
2023-09-16T03:02:14.373Z In(05) vmx   Type 2 INVEPT                             yes
2023-09-16T03:02:14.373Z In(05) vmx   INVVPID support                           yes
2023-09-16T03:02:14.373Z In(05) vmx   Type 0 INVVPID                            yes
2023-09-16T03:02:14.373Z In(05) vmx   Type 1 INVVPID                            yes
2023-09-16T03:02:14.373Z In(05) vmx   Type 2 INVVPID                            yes
2023-09-16T03:02:14.373Z In(05) vmx   Type 3 INVVPID                            yes
2023-09-16T03:02:14.373Z In(05) vmx Miscellaneous VMX Data (0x000000007004c1e7)
2023-09-16T03:02:14.373Z In(05) vmx   TSC to preemption timer ratio      7
2023-09-16T03:02:14.373Z In(05) vmx   VM-Exit saves EFER.LMA           yes
2023-09-16T03:02:14.373Z In(05) vmx   Activity State HLT               yes
2023-09-16T03:02:14.373Z In(05) vmx   Activity State shutdown          yes
2023-09-16T03:02:14.373Z In(05) vmx   Activity State wait-for-SIPI     yes
2023-09-16T03:02:14.373Z In(05) vmx   Processor trace in VMX           yes
2023-09-16T03:02:14.373Z In(05) vmx   RDMSR SMBASE MSR in SMM          yes
2023-09-16T03:02:14.373Z In(05) vmx   CR3 targets supported              4
2023-09-16T03:02:14.373Z In(05) vmx   Maximum MSR list size            512
2023-09-16T03:02:14.373Z In(05) vmx   VMXOFF holdoff of SMIs           yes
2023-09-16T03:02:14.373Z In(05) vmx   Allow all VMWRITEs               yes
2023-09-16T03:02:14.373Z In(05) vmx   Allow zero instruction length    yes
2023-09-16T03:02:14.373Z In(05) vmx   MSEG revision ID                   0
2023-09-16T03:02:14.373Z In(05) vmx VMX-Fixed Bits in CR0 (0x0000000080000021/0x00000000ffffffff)
2023-09-16T03:02:14.373Z In(05) vmx   Fixed to 0        0xffffffff00000000
2023-09-16T03:02:14.373Z In(05) vmx   Fixed to 1        0x0000000080000021
2023-09-16T03:02:14.373Z In(05) vmx   Variable          0x000000007fffffde
2023-09-16T03:02:14.373Z In(05) vmx VMX-Fixed Bits in CR4 (0x0000000000002000/0x0000000000ff2fff)
2023-09-16T03:02:14.373Z In(05) vmx   Fixed to 0        0xffffffffff00d000
2023-09-16T03:02:14.373Z In(05) vmx   Fixed to 1        0x0000000000002000
2023-09-16T03:02:14.373Z In(05) vmx   Variable          0x0000000000ff0fff
2023-09-16T03:02:14.373Z In(05) vmx VMCS Enumeration (0x000000000000002e)
2023-09-16T03:02:14.373Z In(05) vmx   Highest index                   0x17
2023-09-16T03:02:14.373Z In(05) vmx VM Functions (0x0000000000000001)
2023-09-16T03:02:14.373Z In(05) vmx   Function  0 (EPTP-switching) supported.
2023-09-16T03:02:14.373Z In(05) vmx Monitor_PowerOn: hostedVSMPMaxSkew is 1500 us (3628805 cycles)
2023-09-16T03:02:14.373Z In(05) vmx vmm-modules: [vmm.vmm, vmce-vmce.vmm, viommu-none.vmm, vprobe-none.vmm, hv-vt.vmm, gphys-ept.vmm, callstack-none.vmm, gi-none.vmm, gmm-none.vmm, ahci-ahci.vmm, nvme-nvme.vmm, !nvmeShared=0x0, !ahciShared=0xec0, !e1000Shared=0x1ac0, !tdxSharedVMData=0x2340, !vmSamples=0x2340, !theIOSpace=0x2380, !ttGPPerVcpu=0x9180, {UseUnwind}=0x0, numVCPUsAsAddr=0x2, {SharedAreaReservations}=0x91c0, {rodataSize}=0x2194d, {textAddr}=0xfffffffffc000000, {textSize}=0x919f2, <MonSrcFile>]
2023-09-16T03:02:14.373Z In(05) vmx vmm-vcpus:   2
2023-09-16T03:02:14.405Z In(05) vmx KHZEstimate 2419203
2023-09-16T03:02:14.405Z In(05) vmx MHZEstimate 2419
2023-09-16T03:02:14.405Z In(05) vmx NumVCPUs 2
2023-09-16T03:02:14.405Z In(05) vmx AIOGNRC: numThreads=1 ide=0, scsi=0, passthru=0
2023-09-16T03:02:14.405Z In(05) vmx WORKER: Creating new group with maxThreads=1 (1)
2023-09-16T03:02:14.413Z In(05) vmx WORKER: Creating new group with maxThreads=1 (2)
2023-09-16T03:02:14.413Z In(05) vmx MainMem: CPT Host WZ=0 PF=4096 D=0
2023-09-16T03:02:14.413Z In(05) vmx MainMem: CPT PLS=1 PLR=1 BS=1 BlkP=32 Mult=4 W=50
2023-09-16T03:02:14.413Z In(05) vmx MStat: Creating Stat vm.uptime
2023-09-16T03:02:14.413Z In(05) vmx MStat: Creating Stat vm.suspendTime
2023-09-16T03:02:14.413Z In(05) vmx MStat: Creating Stat vm.powerOnTimeStamp
2023-09-16T03:02:14.413Z In(05) aioCompletion VTHREAD 14000 "aioCompletion"
2023-09-16T03:02:14.413Z In(05) vmx VMXAIOMGR: Using: simple=Compl
2023-09-16T03:02:14.413Z In(05) vmx WORKER: Creating new group with maxThreads=1 (3)
2023-09-16T03:02:14.421Z In(05) vmx WORKER: Creating new group with maxThreads=14 (17)
2023-09-16T03:02:14.421Z In(05) vmx FeatureCompat: No VM masks.
2023-09-16T03:02:14.421Z In(05) vmx TimeTracker host to guest rate conversion 501335377 @ 2419203000Hz -> 0 @ 2419203000Hz
2023-09-16T03:02:14.421Z In(05) vmx TimeTracker host to guest rate conversion ((x * 2147483648) >> 31) + -501335377
2023-09-16T03:02:14.421Z In(05) vmx TSC scaling enabled.
2023-09-16T03:02:14.421Z In(05) vmx TSC offsetting enabled.
2023-09-16T03:02:14.421Z In(05) vmx timeTracker.globalProgressMaxAllowanceMS: 2000
2023-09-16T03:02:14.421Z In(05) vmx timeTracker.globalProgressToAllowanceNS: 1000
2023-09-16T03:02:14.421Z In(05) vmx MKS PowerOn
2023-09-16T03:02:14.424Z In(05) mks VTHREAD 6204 "mks"
2023-09-16T03:02:14.424Z In(05) mks MKS thread is alive
2023-09-16T03:02:14.424Z In(05) svga VTHREAD 7220 "svga"
2023-09-16T03:02:14.424Z In(05) svga SVGA thread is alive
2023-09-16T03:02:14.424Z In(05) mks MKS: SSE2=1, SSSE3=1, SSE4_1=1
2023-09-16T03:02:14.431Z In(05) mouse VTHREAD 9564 "mouse"
2023-09-16T03:02:14.432Z In(05) mks MKS-HookKeyboard: RegQueryValueEx(LowLevelHooksTimeout) failed: The system cannot find the file specified (2)
2023-09-16T03:02:14.432Z In(05) kbh VTHREAD 6796 "kbh"
2023-09-16T03:02:14.432Z In(05) mks MKS Win32: Registering top level window (0x4068e) to receive session change notification.
2023-09-16T03:02:14.432Z In(05) mks Current Display Settings:
2023-09-16T03:02:14.432Z In(05) mks    Display: 0 size: 2160x1440  position: (0, 0) name: \\.\DISPLAY1  
2023-09-16T03:02:14.432Z In(05) mks MKS Win32: MIL: 0x4000
2023-09-16T03:02:14.432Z In(05) mks MKS-RenderMain: PowerOn allowed MKSBasicOps DX11Renderer DX11BasicRenderer DX12Renderer 
2023-09-16T03:02:14.432Z In(05) mks MKS-RenderMain: ISB enabled by config
2023-09-16T03:02:14.432Z In(05) mks MKS-RenderMain: Collecting RenderOps caps from DX12Renderer
2023-09-16T03:02:14.432Z In(05) mks MKS-RenderMain: Starting ISBRenderer (DX12Renderer)
2023-09-16T03:02:14.432Z In(05) mks ISBRendererComm: ISBRendererComm DataChannel size=1073741824
2023-09-16T03:02:14.432Z In(05) mks LocalMKS: MKS_UUID=52 f2 07 1c 62 52 95 d9-60 c1 e8 a9 04 6f 1a 89
2023-09-16T03:02:14.440Z In(05) mks ISBRendererComm: mksSandbox command-line: C:\Program Files (x86)\VMware\VMware Workstation\x64\mksSandbox.exe --pipeInfo \\.\pipe\vmware\mksSandbox\mksSandbox-52 e2 a7 21 3a af 48 4e-94 ad 81 4a 36 f7 7c 1e
2023-09-16T03:02:14.483Z In(05) mks ISBRendererComm: Spawned process with handle 1444
2023-09-16T03:02:14.562Z In(05) mks ISBRendererComm: Sandbox Renderer: DX12Renderer
2023-09-16T03:02:14.565Z In(05) mks MKS-RenderMain: Started ISBRenderer (DX12Renderer)
2023-09-16T03:02:14.565Z In(05) mks MKS-RenderMain: Found Full Renderer: ISBRenderer (DX12Renderer)
2023-09-16T03:02:14.565Z In(05) mks MKS-RenderMain: maxTextureSize=16384
2023-09-16T03:02:14.566Z In(05) mks KHBKL: Unable to parse keystring at: ''
2023-09-16T03:02:14.566Z In(05) mks MKSRemoteMgr: Set default display name: Windows 10 test
2023-09-16T03:02:14.566Z In(05) mks MKSRemoteMgr: Loading VNC Configuration from VM config file
2023-09-16T03:02:14.566Z In(05) mks MKSRemoteMgr: Using default VNC keymap table "us"
2023-09-16T03:02:14.566Z In(05) vmx VLANCE: send cluster threshold is 80, size = 2 recalcInterval is 20000 us
2023-09-16T03:02:14.566Z In(05) vmx VMXNET: send cluster threshold is 80, size = 2 recalcInterval is 20000 ticks, dontClusterSize is 128
2023-09-16T03:02:14.567Z In(05) vmx Chipset version: 0x13
2023-09-16T03:02:14.568Z In(05) vmx SOUNDLIB: Creating the Wave sound backend.
2023-09-16T03:02:14.582Z No(00) vmx ConfigDB: Setting pciBridge4.pciSlotNumber = "-1"
2023-09-16T03:02:14.582Z No(00) vmx ConfigDB: Setting pciBridge5.pciSlotNumber = "-1"
2023-09-16T03:02:14.582Z No(00) vmx ConfigDB: Setting pciBridge6.pciSlotNumber = "-1"
2023-09-16T03:02:14.582Z No(00) vmx ConfigDB: Setting pciBridge7.pciSlotNumber = "-1"
2023-09-16T03:02:14.583Z No(00) vmx ConfigDB: Setting pciBridge4.pciSlotNumber = "21"
2023-09-16T03:02:14.583Z No(00) vmx ConfigDB: Setting pciBridge5.pciSlotNumber = "22"
2023-09-16T03:02:14.583Z No(00) vmx ConfigDB: Setting pciBridge6.pciSlotNumber = "23"
2023-09-16T03:02:14.583Z No(00) vmx ConfigDB: Setting pciBridge7.pciSlotNumber = "24"
2023-09-16T03:02:14.594Z In(05) vmx MigrateBusMemPrealloc: BusMem preallocation begins.
2023-09-16T03:02:14.594Z In(05) vmx MigrateBusMemPrealloc: BusMem preallocation completes.
2023-09-16T03:02:14.594Z No(00) vmx ConfigDB: Setting nvme0:0.redo = ""
2023-09-16T03:02:14.594Z In(05) vmx DISK: OPEN nvme0:0 'D:\Windows 10 test.vmdk' persistent R[]
2023-09-16T03:02:14.613Z In(05) vmx DISKLIB-LIB_MISC   : DiskLib_GetStorageBlockSizes: Failed to get storage block sizes, The virtual disk requires a feature not supported by this program.
2023-09-16T03:02:14.613Z In(05) vmx DiskGetGeometry: Reading of disk partition table
2023-09-16T03:02:14.615Z In(05) vmx DISK: Disk 'D:\Windows 10 test.vmdk' has UUID '60 00 c2 97 08 94 3d b9-28 67 4c 33 81 89 2f 90'
2023-09-16T03:02:14.615Z In(05) vmx DISK: OPEN 'D:\Windows 10 test.vmdk' Geo (10443/255/63) BIOS Geo (10443/255/63)
2023-09-16T03:02:14.625Z In(05) vmx DISKUTILWIN32: DiskUtilW32IsATASSDDevice: Failed to send ATA IDENTIFY command to the target device.
2023-09-16T03:02:14.625Z In(05) vmx DISKUTILWIN32: DiskUtilW32IsScsiSSDDevice: Reported rotation rate = 1
2023-09-16T03:02:14.626Z In(05) vmx DISKUTILWIN32: DiskUtilW32IsATASSDDevice: Failed to send ATA IDENTIFY command to the target device.
2023-09-16T03:02:14.626Z In(05) vmx DISKUTILWIN32: DiskUtilW32IsScsiSSDDevice: Reported rotation rate = 1
2023-09-16T03:02:14.627Z In(05) vmx DISKUTILWIN32: DiskUtilW32IsATASSDDevice: Failed to send ATA IDENTIFY command to the target device.
2023-09-16T03:02:14.627Z In(05) vmx DISKUTILWIN32: DiskUtilW32IsScsiSSDDevice: Reported rotation rate = 1
2023-09-16T03:02:14.628Z In(05) vmx DISKUTILWIN32: DiskUtilW32IsATASSDDevice: Failed to send ATA IDENTIFY command to the target device.
2023-09-16T03:02:14.628Z In(05) vmx DISKUTILWIN32: DiskUtilW32IsScsiSSDDevice: Reported rotation rate = 1
2023-09-16T03:02:14.630Z In(05) vmx DISKUTILWIN32: DiskUtilW32IsATASSDDevice: Failed to send ATA IDENTIFY command to the target device.
2023-09-16T03:02:14.630Z In(05) vmx DISKUTILWIN32: DiskUtilW32IsScsiSSDDevice: Reported rotation rate = 1
2023-09-16T03:02:14.631Z In(05) vmx DISKUTILWIN32: DiskUtilW32IsATASSDDevice: Failed to send ATA IDENTIFY command to the target device.
2023-09-16T03:02:14.631Z In(05) vmx DISKUTILWIN32: DiskUtilW32IsScsiSSDDevice: Reported rotation rate = 1
2023-09-16T03:02:14.631Z In(05) vmx DISKUTILWIN32: DiskUtilW32IsATASSDDevice: Failed to send ATA IDENTIFY command to the target device.
2023-09-16T03:02:14.633Z In(05) vmx DISKUTILWIN32: DiskUtilW32IsScsiSSDDevice: Reported rotation rate = 1
2023-09-16T03:02:14.633Z In(05) vmx DISKUTILWIN32: DiskUtilW32IsATASSDDevice: Failed to send ATA IDENTIFY command to the target device.
2023-09-16T03:02:14.633Z In(05) vmx DISKUTILWIN32: DiskUtilW32IsScsiSSDDevice: Reported rotation rate = 1
2023-09-16T03:02:14.634Z In(05) vmx DISKUTILWIN32: DiskUtilW32IsATASSDDevice: Failed to send ATA IDENTIFY command to the target device.
2023-09-16T03:02:14.634Z In(05) vmx DISKUTILWIN32: DiskUtilW32IsScsiSSDDevice: Reported rotation rate = 1
2023-09-16T03:02:14.635Z In(05) vmx DISKUTILWIN32: DiskUtilW32IsATASSDDevice: Failed to send ATA IDENTIFY command to the target device.
2023-09-16T03:02:14.635Z In(05) vmx DISKUTILWIN32: DiskUtilW32IsScsiSSDDevice: Reported rotation rate = 1
2023-09-16T03:02:14.636Z In(05) vmx DISKUTILWIN32: DiskUtilW32IsATASSDDevice: Failed to send ATA IDENTIFY command to the target device.
2023-09-16T03:02:14.636Z In(05) vmx DISKUTILWIN32: DiskUtilW32IsScsiSSDDevice: Reported rotation rate = 1
2023-09-16T03:02:14.638Z In(05) vmx DISKUTILWIN32: DiskUtilW32IsATASSDDevice: Failed to send ATA IDENTIFY command to the target device.
2023-09-16T03:02:14.638Z In(05) vmx DISKUTILWIN32: DiskUtilW32IsScsiSSDDevice: Reported rotation rate = 1
2023-09-16T03:02:14.640Z In(05) vmx DISKUTILWIN32: DiskUtilW32IsATASSDDevice: Failed to send ATA IDENTIFY command to the target device.
2023-09-16T03:02:14.640Z In(05) vmx DISKUTILWIN32: DiskUtilW32IsScsiSSDDevice: Reported rotation rate = 1
2023-09-16T03:02:14.641Z In(05) vmx DISKUTILWIN32: DiskUtilW32IsATASSDDevice: Failed to send ATA IDENTIFY command to the target device.
2023-09-16T03:02:14.641Z In(05) vmx DISKUTILWIN32: DiskUtilW32IsScsiSSDDevice: Reported rotation rate = 1
2023-09-16T03:02:14.642Z In(05) vmx DISKUTILWIN32: DiskUtilW32IsATASSDDevice: Failed to send ATA IDENTIFY command to the target device.
2023-09-16T03:02:14.642Z In(05) vmx DISKUTILWIN32: DiskUtilW32IsScsiSSDDevice: Reported rotation rate = 1
2023-09-16T03:02:14.643Z In(05) vmx DISKUTILWIN32: DiskUtilW32IsATASSDDevice: Failed to send ATA IDENTIFY command to the target device.
2023-09-16T03:02:14.643Z In(05) vmx DISKUTILWIN32: DiskUtilW32IsScsiSSDDevice: Reported rotation rate = 1
2023-09-16T03:02:14.644Z In(05) vmx DISKUTILWIN32: DiskUtilW32IsATASSDDevice: Failed to send ATA IDENTIFY command to the target device.
2023-09-16T03:02:14.644Z In(05) vmx DISKUTILWIN32: DiskUtilW32IsScsiSSDDevice: Reported rotation rate = 1
2023-09-16T03:02:14.645Z In(05) vmx DISKUTILWIN32: DiskUtilW32IsATASSDDevice: Failed to send ATA IDENTIFY command to the target device.
2023-09-16T03:02:14.645Z In(05) vmx DISKUTILWIN32: DiskUtilW32IsScsiSSDDevice: Reported rotation rate = 1
2023-09-16T03:02:14.646Z In(05) vmx DISKUTILWIN32: DiskUtilW32IsATASSDDevice: Failed to send ATA IDENTIFY command to the target device.
2023-09-16T03:02:14.646Z In(05) vmx DISKUTILWIN32: DiskUtilW32IsScsiSSDDevice: Reported rotation rate = 1
2023-09-16T03:02:14.648Z In(05) vmx DISKUTILWIN32: DiskUtilW32IsATASSDDevice: Failed to send ATA IDENTIFY command to the target device.
2023-09-16T03:02:14.648Z In(05) vmx DISKUTILWIN32: DiskUtilW32IsScsiSSDDevice: Reported rotation rate = 1
2023-09-16T03:02:14.649Z In(05) vmx DISKUTILWIN32: DiskUtilW32IsATASSDDevice: Failed to send ATA IDENTIFY command to the target device.
2023-09-16T03:02:14.649Z In(05) vmx DISKUTILWIN32: DiskUtilW32IsScsiSSDDevice: Reported rotation rate = 1
2023-09-16T03:02:14.649Z In(05) vmx DISK: DiskConfigureVirtualSSD:  Disk 'nvme0:0' identified as Virtual SSD device.
2023-09-16T03:02:14.649Z In(05) vmx DISK: Opening disks took 54 ms.
2023-09-16T03:02:14.650Z In(05) vmx USBArbLib: USBArbLib initialized successfully, retryIntervalStart(5), retryIntervalMax(120), arbSocketName(\\.\pipe\vmware-usbarbpipe), useLocking(yes), tryUpgrading(no).
2023-09-16T03:02:14.650Z In(05) vmx UsbEnum: Initializing UsbEnum library, disableLocking(no), allowBootableHid(yes).
2023-09-16T03:02:14.650Z In(05) vmx USB: Initializing 'Virtual Hub' backend
2023-09-16T03:02:14.650Z In(05) vmx USB: Initializing 'Generic' backend
2023-09-16T03:02:14.650Z Wa(03) vmx USBArbLib: OUT SET_AUTO_CONNECT: Not connected to arbitrator, autoconnect(0) for client 'Windows 10 test', connectState(1).
2023-09-16T03:02:14.650Z In(05) vmx USB: Initializing 'Virtual HID' backend
2023-09-16T03:02:14.650Z In(05) sensorThread VTHREAD 7028 "sensorThread"
2023-09-16T03:02:14.650Z In(05) vmx USB: Initializing 'Remote Device' backend
2023-09-16T03:02:14.650Z In(05) vmx RemoteUSBVMX: Retrieved hostId [09 11 21 20 21 dc f8 48-ed 28 dc 21 48 f8 ed 2c]
2023-09-16T03:02:14.650Z In(05) vmx RemoteUSBVMX: Protocol version min:15 current:19
2023-09-16T03:02:14.650Z In(05) vmx RemoteUSBVMX: no delay setting is TRUE.
2023-09-16T03:02:14.650Z In(05) vmx USB: Initializing 'Virtual Mass Storage' backend
2023-09-16T03:02:14.652Z In(05) vmx USB: Initializing 'Virtual RNG' backend
2023-09-16T03:02:14.652Z In(05) vmx USB: Initializing 'Virtual CCID' backend
2023-09-16T03:02:14.653Z In(05) vmx USB-CCID: Could not establish context: SCARD_E_NO_SERVICE(0x8010001d).
2023-09-16T03:02:14.653Z In(05) vmx USB-CCID: Could not establish context: SCARD_E_NO_SERVICE(0x8010001d).
2023-09-16T03:02:14.655Z In(05) usbCCIDEnumCards VTHREAD 1160 "usbCCIDEnumCards"
2023-09-16T03:02:14.655Z In(05) usbCCIDEnumCards USB-CCID: Card enum thread created.
2023-09-16T03:02:14.655Z In(05) vmx USB: Initializing 'Virtual Bluetooth' backend
2023-09-16T03:02:14.655Z In(05) vmx USB: Initializing 'Virtual Audio' backend
2023-09-16T03:02:14.655Z In(05) vmx USB: Initializing 'Virtual Video' backend
2023-09-16T03:02:14.660Z Wa(03) vmx USBGW: IOCTL_STORAGE_QUERY_PROPERTY failed. Error(0x0): The operation completed successfully.
2023-09-16T03:02:14.660Z In(05) vmx USBGW: Skipping disk backing for path(D:\Windows 10 test.vmx).
2023-09-16T03:02:14.660Z Wa(03) vmx USBGW: IOCTL_STORAGE_QUERY_PROPERTY failed. Error(0x0): The operation completed successfully.
2023-09-16T03:02:14.660Z In(05) vmx USBGW: Skipping disk backing for path(D:\Windows 10 test.vmdk).
2023-09-16T03:02:14.660Z Wa(03) vmx USBGW: IOCTL_STORAGE_QUERY_PROPERTY failed. Error(0x0): The operation completed successfully.
2023-09-16T03:02:14.660Z In(05) vmx USBGW: Skipping disk backing for path(D:\Windows 10 test.vmsd).
2023-09-16T03:02:14.660Z Wa(03) vmx USBGW: IOCTL_STORAGE_QUERY_PROPERTY failed. Error(0x0): The operation completed successfully.
2023-09-16T03:02:14.660Z In(05) vmx USBGW: Skipping disk backing for path(D:\Windows 10 test.nvram).
2023-09-16T03:02:14.661Z In(05) usbCCIDEnumCards USB-CCID: Could not establish context: SCARD_E_NO_SERVICE(0x8010001d).
2023-09-16T03:02:14.663Z In(05) vmx SVGA-GFB: Config settings: autodetect=1, numDisplays=1, maxWidth=2560, maxHeight=1600
2023-09-16T03:02:14.663Z In(05) vmx SVGA-GFB: Desired maximum display topology: wh(6688, 5016)
2023-09-16T03:02:14.663Z In(05) vmx SVGA-GFB: Autodetected target gfbSize = 268435456
2023-09-16T03:02:14.663Z In(05) vmx SVGA-GFB: Using Initial       gfbSize = 134217728
2023-09-16T03:02:14.663Z In(05) vmx SVGA-GFB: MaxPrimaryMem      register = 268435456
2023-09-16T03:02:14.663Z In(05) vmx SVGA-GFB: Max wh(6688, 5016), number of displays: 10
2023-09-16T03:02:14.663Z In(05) vmx SVGA: SVGA DeviceLabel: svga2
2023-09-16T03:02:14.663Z No(00) vmx ConfigDB: Setting vmotion.svga.mobMaxSize = "1073741824"
2023-09-16T03:02:14.663Z No(00) vmx ConfigDB: Setting vmotion.svga.graphicsMemoryKB = "8388608"
2023-09-16T03:02:14.663Z In(05) vmx SVGA: mobMaxSize=1073741824
2023-09-16T03:02:14.663Z In(05) vmx SVGA: graphicsMemoryKB=8388608
2023-09-16T03:02:14.663Z In(05) vmx SVGA: FIFO capabilities 0x0000077f
2023-09-16T03:02:14.663Z In(05) vmx SVGAFeature renderer (before clamping) svga.supports3D bool 1
2023-09-16T03:02:14.663Z In(05) vmx SVGAFeature renderer (before clamping) svga.baseCapsLevel num 11
2023-09-16T03:02:14.663Z In(05) vmx SVGAFeature renderer (before clamping) svga.maxPointSize num 1
2023-09-16T03:02:14.663Z In(05) vmx SVGAFeature renderer (before clamping) svga.maxTextureSize num 16384
2023-09-16T03:02:14.663Z In(05) vmx SVGAFeature renderer (before clamping) svga.maxVolumeExtent num 2048
2023-09-16T03:02:14.663Z In(05) vmx SVGAFeature renderer (before clamping) svga.maxTextureAnisotropy num 16
2023-09-16T03:02:14.663Z In(05) vmx SVGAFeature renderer (before clamping) svga.lineStipple bool 0
2023-09-16T03:02:14.663Z In(05) vmx SVGAFeature renderer (before clamping) svga.dxMaxConstantBuffers num 15
2023-09-16T03:02:14.663Z In(05) vmx SVGAFeature renderer (before clamping) svga.dxProvokingVertex bool 0
2023-09-16T03:02:14.663Z In(05) vmx SVGAFeature renderer (before clamping) svga.sm41 bool 1
2023-09-16T03:02:14.663Z In(05) vmx SVGAFeature renderer (before clamping) svga.multisample2x bool 1
2023-09-16T03:02:14.663Z In(05) vmx SVGAFeature renderer (before clamping) svga.multisample4x bool 1
2023-09-16T03:02:14.663Z In(05) vmx SVGAFeature renderer (before clamping) svga.msFullQuality bool 1
2023-09-16T03:02:14.663Z In(05) vmx SVGAFeature renderer (before clamping) svga.logicOps bool 1
2023-09-16T03:02:14.663Z In(05) vmx SVGAFeature renderer (before clamping) svga.bc67 num 9
2023-09-16T03:02:14.663Z In(05) vmx SVGAFeature renderer (before clamping) svga.sm5 bool 1
2023-09-16T03:02:14.663Z In(05) vmx SVGAFeature renderer (before clamping) svga.multisample8x bool 1
2023-09-16T03:02:14.664Z In(05) vmx SVGAFeature renderer (before clamping) svga.logicBlendOps bool 0
2023-09-16T03:02:14.664Z In(05) vmx SVGAFeature renderer (before clamping) svga.maxForcedSampleCount num 16
2023-09-16T03:02:14.664Z In(05) vmx SVGAFeature renderer (before clamping) svga.gl43 bool 1
2023-09-16T03:02:14.664Z In(05) vmx SVGAFeature renderer (after  clamping) svga.supports3D bool 1
2023-09-16T03:02:14.664Z In(05) vmx SVGAFeature renderer (after  clamping) svga.baseCapsLevel num 9
2023-09-16T03:02:14.664Z In(05) vmx SVGAFeature renderer (after  clamping) svga.maxPointSize num 1
2023-09-16T03:02:14.664Z In(05) vmx SVGAFeature renderer (after  clamping) svga.maxTextureSize num 16384
2023-09-16T03:02:14.664Z In(05) vmx SVGAFeature renderer (after  clamping) svga.maxVolumeExtent num 2048
2023-09-16T03:02:14.664Z In(05) vmx SVGAFeature renderer (after  clamping) svga.maxTextureAnisotropy num 16
2023-09-16T03:02:14.664Z In(05) vmx SVGAFeature renderer (after  clamping) svga.lineStipple bool 0
2023-09-16T03:02:14.664Z In(05) vmx SVGAFeature renderer (after  clamping) svga.dxMaxConstantBuffers num 15
2023-09-16T03:02:14.664Z In(05) vmx SVGAFeature renderer (after  clamping) svga.dxProvokingVertex bool 0
2023-09-16T03:02:14.664Z In(05) vmx SVGAFeature renderer (after  clamping) svga.sm41 bool 1
2023-09-16T03:02:14.664Z In(05) vmx SVGAFeature renderer (after  clamping) svga.multisample2x bool 1
2023-09-16T03:02:14.664Z In(05) vmx SVGAFeature renderer (after  clamping) svga.multisample4x bool 1
2023-09-16T03:02:14.664Z In(05) vmx SVGAFeature renderer (after  clamping) svga.msFullQuality bool 1
2023-09-16T03:02:14.664Z In(05) vmx SVGAFeature renderer (after  clamping) svga.logicOps bool 1
2023-09-16T03:02:14.664Z In(05) vmx SVGAFeature renderer (after  clamping) svga.bc67 num 9
2023-09-16T03:02:14.664Z In(05) vmx SVGAFeature renderer (after  clamping) svga.sm5 bool 1
2023-09-16T03:02:14.664Z In(05) vmx SVGAFeature renderer (after  clamping) svga.multisample8x bool 1
2023-09-16T03:02:14.664Z In(05) vmx SVGAFeature renderer (after  clamping) svga.logicBlendOps bool 0
2023-09-16T03:02:14.664Z In(05) vmx SVGAFeature renderer (after  clamping) svga.maxForcedSampleCount num 16
2023-09-16T03:02:14.664Z In(05) vmx SVGAFeature renderer (after  clamping) svga.gl43 bool 1
2023-09-16T03:02:14.664Z In(05) vmx SVGAFeature    host id: 0
2023-09-16T03:02:14.664Z In(05) vmx SVGAFeature    host svga.supports3D bool 1
2023-09-16T03:02:14.664Z In(05) vmx SVGAFeature    host svga.baseCapsLevel num 9
2023-09-16T03:02:14.664Z In(05) vmx SVGAFeature    host svga.maxPointSize num 1
2023-09-16T03:02:14.664Z In(05) vmx SVGAFeature    host svga.maxTextureSize num 16384
2023-09-16T03:02:14.664Z In(05) vmx SVGAFeature    host svga.maxVolumeExtent num 2048
2023-09-16T03:02:14.664Z In(05) vmx SVGAFeature    host svga.maxTextureAnisotropy num 16
2023-09-16T03:02:14.664Z In(05) vmx SVGAFeature    host svga.lineStipple bool 0
2023-09-16T03:02:14.664Z In(05) vmx SVGAFeature    host svga.dxMaxConstantBuffers num 15
2023-09-16T03:02:14.664Z In(05) vmx SVGAFeature    host svga.dxProvokingVertex bool 0
2023-09-16T03:02:14.664Z In(05) vmx SVGAFeature    host svga.sm41 bool 1
2023-09-16T03:02:14.664Z In(05) vmx SVGAFeature    host svga.multisample2x bool 1
2023-09-16T03:02:14.664Z In(05) vmx SVGAFeature    host svga.multisample4x bool 1
2023-09-16T03:02:14.664Z In(05) vmx SVGAFeature    host svga.msFullQuality bool 1
2023-09-16T03:02:14.664Z In(05) vmx SVGAFeature    host svga.logicOps bool 1
2023-09-16T03:02:14.664Z In(05) vmx SVGAFeature    host svga.bc67 num 9
2023-09-16T03:02:14.664Z In(05) vmx SVGAFeature    host svga.sm5 bool 1
2023-09-16T03:02:14.664Z In(05) vmx SVGAFeature    host svga.multisample8x bool 1
2023-09-16T03:02:14.664Z In(05) vmx SVGAFeature    host svga.logicBlendOps bool 0
2023-09-16T03:02:14.664Z In(05) vmx SVGAFeature    host svga.maxForcedSampleCount num 16
2023-09-16T03:02:14.664Z In(05) vmx SVGAFeature    host svga.gl43 bool 1
2023-09-16T03:02:14.664Z In(05) vmx SVGAFeature evcHost id: 0
2023-09-16T03:02:14.664Z In(05) vmx SVGAFeature evcHost svga.supports3D bool 1
2023-09-16T03:02:14.664Z In(05) vmx SVGAFeature evcHost svga.baseCapsLevel num 9
2023-09-16T03:02:14.664Z In(05) vmx SVGAFeature evcHost svga.maxPointSize num 1
2023-09-16T03:02:14.664Z In(05) vmx SVGAFeature evcHost svga.maxTextureSize num 16384
2023-09-16T03:02:14.664Z In(05) vmx SVGAFeature evcHost svga.maxVolumeExtent num 2048
2023-09-16T03:02:14.664Z In(05) vmx SVGAFeature evcHost svga.maxTextureAnisotropy num 16
2023-09-16T03:02:14.664Z In(05) vmx SVGAFeature evcHost svga.lineStipple bool 0
2023-09-16T03:02:14.664Z In(05) vmx SVGAFeature evcHost svga.dxMaxConstantBuffers num 15
2023-09-16T03:02:14.664Z In(05) vmx SVGAFeature evcHost svga.dxProvokingVertex bool 0
2023-09-16T03:02:14.664Z In(05) vmx SVGAFeature evcHost svga.sm41 bool 1
2023-09-16T03:02:14.664Z In(05) vmx SVGAFeature evcHost svga.multisample2x bool 1
2023-09-16T03:02:14.664Z In(05) vmx SVGAFeature evcHost svga.multisample4x bool 1
2023-09-16T03:02:14.664Z In(05) vmx SVGAFeature evcHost svga.msFullQuality bool 1
2023-09-16T03:02:14.664Z In(05) vmx SVGAFeature evcHost svga.logicOps bool 1
2023-09-16T03:02:14.664Z In(05) vmx SVGAFeature evcHost svga.bc67 num 9
2023-09-16T03:02:14.664Z In(05) vmx SVGAFeature evcHost svga.sm5 bool 1
2023-09-16T03:02:14.664Z In(05) vmx SVGAFeature evcHost svga.multisample8x bool 1
2023-09-16T03:02:14.664Z In(05) vmx SVGAFeature evcHost svga.logicBlendOps bool 0
2023-09-16T03:02:14.664Z In(05) vmx SVGAFeature evcHost svga.maxForcedSampleCount num 16
2023-09-16T03:02:14.664Z In(05) vmx SVGAFeature evcHost svga.gl43 bool 1
2023-09-16T03:02:14.664Z In(05) vmx SVGA3dClamp: Renderer Provides     BC67Level:     9 (    9,     9)
2023-09-16T03:02:14.665Z In(05) vmx SVGA3dClamp: Renderer Provides BaseCapsLevel:     9 (    9,     9)
2023-09-16T03:02:14.665Z In(05) vmx SVGA3dClamp: Renderer Provides    ClampLevel:     0 (    0,    10)
2023-09-16T03:02:14.665Z In(05) vmx SVGA3dCaps: host, at power on (3d enabled)
2023-09-16T03:02:14.665Z In(05) vmx   cap[  0]: 0x00000001 (3D)
2023-09-16T03:02:14.665Z In(05) vmx   cap[  1]: 0x00000008 (MAX_LIGHTS)
2023-09-16T03:02:14.665Z In(05) vmx   cap[  2]: 0x00000008 (MAX_TEXTURES)
2023-09-16T03:02:14.665Z In(05) vmx   cap[  3]: 0x00000008 (MAX_CLIP_PLANES)
2023-09-16T03:02:14.665Z In(05) vmx   cap[  4]: 0x00000007 (VERTEX_SHADER_VERSION)
2023-09-16T03:02:14.665Z In(05) vmx   cap[  5]: 0x00000001 (VERTEX_SHADER)
2023-09-16T03:02:14.665Z In(05) vmx   cap[  6]: 0x0000000d (FRAGMENT_SHADER_VERSION)
2023-09-16T03:02:14.665Z In(05) vmx   cap[  7]: 0x00000001 (FRAGMENT_SHADER)
2023-09-16T03:02:14.665Z In(05) vmx   cap[  8]: 0x00000008 (MAX_RENDER_TARGETS)
2023-09-16T03:02:14.665Z In(05) vmx   cap[  9]: 0x00000001 (S23E8_TEXTURES)
2023-09-16T03:02:14.665Z In(05) vmx   cap[ 10]: 0x00000001 (S10E5_TEXTURES)
2023-09-16T03:02:14.665Z In(05) vmx   cap[ 11]: 0x00000004 (MAX_FIXED_VERTEXBLEND)
2023-09-16T03:02:14.665Z In(05) vmx   cap[ 12]: 0x00000001 (D16_BUFFER_FORMAT)
2023-09-16T03:02:14.665Z In(05) vmx   cap[ 13]: 0x00000001 (D24S8_BUFFER_FORMAT)
2023-09-16T03:02:14.665Z In(05) vmx   cap[ 14]: 0x00000001 (D24X8_BUFFER_FORMAT)
2023-09-16T03:02:14.665Z In(05) vmx   cap[ 15]: 0x00000001 (QUERY_TYPES)
2023-09-16T03:02:14.665Z In(05) vmx   cap[ 16]: 0x00000001 (TEXTURE_GRADIENT_SAMPLING)
2023-09-16T03:02:14.665Z In(05) vmx   cap[ 17]:   1.000000 (MAX_POINT_SIZE)
2023-09-16T03:02:14.665Z In(05) vmx   cap[ 18]: 0x00000014 (MAX_SHADER_TEXTURES)
2023-09-16T03:02:14.665Z In(05) vmx   cap[ 19]: 0x00004000 (MAX_TEXTURE_WIDTH)
2023-09-16T03:02:14.665Z In(05) vmx   cap[ 20]: 0x00004000 (MAX_TEXTURE_HEIGHT)
2023-09-16T03:02:14.665Z In(05) vmx   cap[ 21]: 0x00000800 (MAX_VOLUME_EXTENT)
2023-09-16T03:02:14.665Z In(05) vmx   cap[ 22]: 0x00004000 (MAX_TEXTURE_REPEAT)
2023-09-16T03:02:14.665Z In(05) vmx   cap[ 23]: 0x00004000 (MAX_TEXTURE_ASPECT_RATIO)
2023-09-16T03:02:14.665Z In(05) vmx   cap[ 24]: 0x00000010 (MAX_TEXTURE_ANISOTROPY)
2023-09-16T03:02:14.665Z In(05) vmx   cap[ 25]: 0x001fffff (MAX_PRIMITIVE_COUNT)
2023-09-16T03:02:14.665Z In(05) vmx   cap[ 26]: 0x000fffff (MAX_VERTEX_INDEX)
2023-09-16T03:02:14.665Z In(05) vmx   cap[ 27]: 0x0000ffff (MAX_VERTEX_SHADER_INSTRUCTIONS)
2023-09-16T03:02:14.665Z In(05) vmx   cap[ 28]: 0x0000ffff (MAX_FRAGMENT_SHADER_INSTRUCTIONS)
2023-09-16T03:02:14.665Z In(05) vmx   cap[ 29]: 0x00000020 (MAX_VERTEX_SHADER_TEMPS)
2023-09-16T03:02:14.665Z In(05) vmx   cap[ 30]: 0x00000020 (MAX_FRAGMENT_SHADER_TEMPS)
2023-09-16T03:02:14.665Z In(05) vmx   cap[ 31]: 0x03ffffff (TEXTURE_OPS)
2023-09-16T03:02:14.665Z In(05) vmx   cap[ 32]: 0x0018ec1f (SURFACEFMT_X8R8G8B8)
2023-09-16T03:02:14.665Z In(05) vmx   cap[ 33]: 0x0018e11f (SURFACEFMT_A8R8G8B8)
2023-09-16T03:02:14.665Z In(05) vmx   cap[ 34]: 0x0008601f (SURFACEFMT_A2R10G10B10)
2023-09-16T03:02:14.665Z In(05) vmx   cap[ 35]: 0x0008601f (SURFACEFMT_X1R5G5B5)
2023-09-16T03:02:14.665Z In(05) vmx   cap[ 36]: 0x0008611f (SURFACEFMT_A1R5G5B5)
2023-09-16T03:02:14.665Z In(05) vmx   cap[ 37]: 0x0000611f (SURFACEFMT_A4R4G4B4)
2023-09-16T03:02:14.665Z In(05) vmx   cap[ 38]: 0x0018ec1f (SURFACEFMT_R5G6B5)
2023-09-16T03:02:14.665Z In(05) vmx   cap[ 39]: 0x0000601f (SURFACEFMT_LUMINANCE16)
2023-09-16T03:02:14.665Z In(05) vmx   cap[ 40]: 0x00006007 (SURFACEFMT_LUMINANCE8_ALPHA8)
2023-09-16T03:02:14.665Z In(05) vmx   cap[ 41]: 0x0000601f (SURFACEFMT_ALPHA8)
2023-09-16T03:02:14.665Z In(05) vmx   cap[ 42]: 0x0000601f (SURFACEFMT_LUMINANCE8)
2023-09-16T03:02:14.665Z In(05) vmx   cap[ 43]: 0x000040c5 (SURFACEFMT_Z_D16)
2023-09-16T03:02:14.665Z In(05) vmx   cap[ 44]: 0x000040c5 (SURFACEFMT_Z_D24S8)
2023-09-16T03:02:14.665Z In(05) vmx   cap[ 45]: 0x000040c5 (SURFACEFMT_Z_D24X8)
2023-09-16T03:02:14.665Z In(05) vmx   cap[ 46]: 0x0000e005 (SURFACEFMT_DXT1)
2023-09-16T03:02:14.665Z In(05) vmx   cap[ 47]: 0x0000e005 (SURFACEFMT_DXT2)
2023-09-16T03:02:14.665Z In(05) vmx   cap[ 48]: 0x0000e005 (SURFACEFMT_DXT3)
2023-09-16T03:02:14.665Z In(05) vmx   cap[ 49]: 0x0000e005 (SURFACEFMT_DXT4)
2023-09-16T03:02:14.665Z In(05) vmx   cap[ 50]: 0x0000e005 (SURFACEFMT_DXT5)
2023-09-16T03:02:14.665Z In(05) vmx   cap[ 51]: 0x00014005 (SURFACEFMT_BUMPX8L8V8U8)
2023-09-16T03:02:14.665Z In(05) vmx   cap[ 52]: 0x00014007 (SURFACEFMT_A2W10V10U10)
2023-09-16T03:02:14.665Z In(05) vmx   cap[ 53]: 0x00014007 (SURFACEFMT_BUMPU8V8)
2023-09-16T03:02:14.665Z In(05) vmx   cap[ 54]: 0x00014005 (SURFACEFMT_Q8W8V8U8)
2023-09-16T03:02:14.665Z In(05) vmx   cap[ 55]: 0x00014001 (SURFACEFMT_CxV8U8)
2023-09-16T03:02:14.665Z In(05) vmx   cap[ 56]: 0x0080601f (SURFACEFMT_R_S10E5)
2023-09-16T03:02:14.665Z In(05) vmx   cap[ 57]: 0x0080601f (SURFACEFMT_R_S23E8)
2023-09-16T03:02:14.665Z In(05) vmx   cap[ 58]: 0x0080601f (SURFACEFMT_RG_S10E5)
2023-09-16T03:02:14.665Z In(05) vmx   cap[ 59]: 0x0080601f (SURFACEFMT_RG_S23E8)
2023-09-16T03:02:14.665Z In(05) vmx   cap[ 60]: 0x0080601f (SURFACEFMT_ARGB_S10E5)
2023-09-16T03:02:14.665Z In(05) vmx   cap[ 61]: 0x0080601f (SURFACEFMT_ARGB_S23E8)
2023-09-16T03:02:14.665Z In(05) vmx   cap[ 62]: 0x00000000 (MISSING62)
2023-09-16T03:02:14.665Z In(05) vmx   cap[ 63]: 0x00000004 (MAX_VERTEX_SHADER_TEXTURES)
2023-09-16T03:02:14.665Z In(05) vmx   cap[ 64]: 0x00000008 (MAX_SIMULTANEOUS_RENDER_TARGETS)
2023-09-16T03:02:14.665Z In(05) vmx   cap[ 65]: 0x00014007 (SURFACEFMT_V16U16)
2023-09-16T03:02:14.665Z In(05) vmx   cap[ 66]: 0x0000601f (SURFACEFMT_G16R16)
2023-09-16T03:02:14.665Z In(05) vmx   cap[ 67]: 0x0000601f (SURFACEFMT_A16B16G16R16)
2023-09-16T03:02:14.665Z In(05) vmx   cap[ 68]: 0x01246000 (SURFACEFMT_UYVY)
2023-09-16T03:02:14.665Z In(05) vmx   cap[ 69]: 0x01246000 (SURFACEFMT_YUY2)
2023-09-16T03:02:14.665Z In(05) vmx   cap[ 70]: 0x00000000 (DEAD4)
2023-09-16T03:02:14.665Z In(05) vmx   cap[ 71]: 0x00000000 (DEAD5)
2023-09-16T03:02:14.665Z In(05) vmx   cap[ 72]: 0x00000000 (DEAD7)
2023-09-16T03:02:14.665Z In(05) vmx   cap[ 73]: 0x00000000 (DEAD6)
2023-09-16T03:02:14.665Z In(05) vmx   cap[ 74]: 0x00000001 (AUTOGENMIPMAPS)
2023-09-16T03:02:14.665Z In(05) vmx   cap[ 75]: 0x01246000 (SURFACEFMT_NV12)
2023-09-16T03:02:14.665Z In(05) vmx   cap[ 76]: 0x00000000 (DEAD10)
2023-09-16T03:02:14.665Z In(05) vmx   cap[ 77]: 0x00000100 (MAX_CONTEXT_IDS)
2023-09-16T03:02:14.665Z In(05) vmx   cap[ 78]: 0x00008000 (MAX_SURFACE_IDS)
2023-09-16T03:02:14.665Z In(05) vmx   cap[ 79]: 0x000040c5 (SURFACEFMT_Z_DF16)
2023-09-16T03:02:14.665Z In(05) vmx   cap[ 80]: 0x000040c5 (SURFACEFMT_Z_DF24)
2023-09-16T03:02:14.665Z In(05) vmx   cap[ 81]: 0x000040c5 (SURFACEFMT_Z_D24S8_INT)
2023-09-16T03:02:14.665Z In(05) vmx   cap[ 82]: 0x00006005 (SURFACEFMT_ATI1)
2023-09-16T03:02:14.665Z In(05) vmx   cap[ 83]: 0x00006005 (SURFACEFMT_ATI2)
2023-09-16T03:02:14.665Z In(05) vmx   cap[ 84]: 0x00000000 (DEAD1)
2023-09-16T03:02:14.665Z In(05) vmx   cap[ 85]: 0x00000000 (DEAD8)
2023-09-16T03:02:14.665Z In(05) vmx   cap[ 86]: 0x00000000 (DEAD9)
2023-09-16T03:02:14.665Z In(05) vmx   cap[ 87]: 0x00000001 (LINE_AA)
2023-09-16T03:02:14.665Z In(05) vmx   cap[ 88]: 0x00000000 (LINE_STIPPLE)
2023-09-16T03:02:14.665Z In(05) vmx   cap[ 89]:  10.000000 (MAX_LINE_WIDTH)
2023-09-16T03:02:14.665Z In(05) vmx   cap[ 90]:  10.000000 (MAX_AA_LINE_WIDTH)
2023-09-16T03:02:14.665Z In(05) vmx   cap[ 91]: 0x01246000 (SURFACEFMT_YV12)
2023-09-16T03:02:14.665Z In(05) vmx   cap[ 92]: 0x00000000 (DEAD3)
2023-09-16T03:02:14.665Z In(05) vmx   cap[ 93]: 0x00000001 (TS_COLOR_KEY)
2023-09-16T03:02:14.665Z In(05) vmx   cap[ 94]: 0x00000000 (DEAD2)
2023-09-16T03:02:14.665Z In(05) vmx   cap[ 95]: 0x00000001 (DXCONTEXT)
2023-09-16T03:02:14.665Z In(05) vmx   cap[ 96]: 0x00000000 (DEAD11)
2023-09-16T03:02:14.665Z In(05) vmx   cap[ 97]: 0x00000010 (DX_MAX_VERTEXBUFFERS)
2023-09-16T03:02:14.665Z In(05) vmx   cap[ 98]: 0x0000000f (DX_MAX_CONSTANT_BUFFERS)
2023-09-16T03:02:14.665Z In(05) vmx   cap[ 99]: 0x00000000 (DX_PROVOKING_VERTEX)
2023-09-16T03:02:14.665Z In(05) vmx   cap[100]: 0x000002f7 (DXFMT_X8R8G8B8)
2023-09-16T03:02:14.665Z In(05) vmx   cap[101]: 0x000003f7 (DXFMT_A8R8G8B8)
2023-09-16T03:02:14.665Z In(05) vmx   cap[102]: 0x000002f7 (DXFMT_R5G6B5)
2023-09-16T03:02:14.665Z In(05) vmx   cap[103]: 0x000000f7 (DXFMT_X1R5G5B5)
2023-09-16T03:02:14.665Z In(05) vmx   cap[104]: 0x000000f7 (DXFMT_A1R5G5B5)
2023-09-16T03:02:14.665Z In(05) vmx   cap[105]: 0x000000f7 (DXFMT_A4R4G4B4)
2023-09-16T03:02:14.665Z In(05) vmx   cap[106]: 0x00000009 (DXFMT_Z_D32)
2023-09-16T03:02:14.665Z In(05) vmx   cap[107]: 0x0000026b (DXFMT_Z_D16)
2023-09-16T03:02:14.665Z In(05) vmx   cap[108]: 0x0000026b (DXFMT_Z_D24S8)
2023-09-16T03:02:14.665Z In(05) vmx   cap[109]: 0x0000000b (DXFMT_Z_D15S1)
2023-09-16T03:02:14.665Z In(05) vmx   cap[110]: 0x000000f7 (DXFMT_LUMINANCE8)
2023-09-16T03:02:14.665Z In(05) vmx   cap[111]: 0x000000e3 (DXFMT_LUMINANCE4_ALPHA4)
2023-09-16T03:02:14.665Z In(05) vmx   cap[112]: 0x000000f7 (DXFMT_LUMINANCE16)
2023-09-16T03:02:14.665Z In(05) vmx   cap[113]: 0x000000e3 (DXFMT_LUMINANCE8_ALPHA8)
2023-09-16T03:02:14.665Z In(05) vmx   cap[114]: 0x00000063 (DXFMT_DXT1)
2023-09-16T03:02:14.665Z In(05) vmx   cap[115]: 0x00000063 (DXFMT_DXT2)
2023-09-16T03:02:14.665Z In(05) vmx   cap[116]: 0x00000063 (DXFMT_DXT3)
2023-09-16T03:02:14.665Z In(05) vmx   cap[117]: 0x00000063 (DXFMT_DXT4)
2023-09-16T03:02:14.665Z In(05) vmx   cap[118]: 0x00000063 (DXFMT_DXT5)
2023-09-16T03:02:14.665Z In(05) vmx   cap[119]: 0x000000e3 (DXFMT_BUMPU8V8)
2023-09-16T03:02:14.665Z In(05) vmx   cap[120]: 0x00000000 (DXFMT_BUMPL6V5U5)
2023-09-16T03:02:14.665Z In(05) vmx   cap[121]: 0x00000063 (DXFMT_BUMPX8L8V8U8)
2023-09-16T03:02:14.665Z In(05) vmx   cap[122]: 0x00000000 (DXFMT_FORMAT_DEAD1)
2023-09-16T03:02:14.665Z In(05) vmx   cap[123]: 0x000003f7 (DXFMT_ARGB_S10E5)
2023-09-16T03:02:14.665Z In(05) vmx   cap[124]: 0x000003f7 (DXFMT_ARGB_S23E8)
2023-09-16T03:02:14.665Z In(05) vmx   cap[125]: 0x000003f7 (DXFMT_A2R10G10B10)
2023-09-16T03:02:14.665Z In(05) vmx   cap[126]: 0x000000e3 (DXFMT_V8U8)
2023-09-16T03:02:14.665Z In(05) vmx   cap[127]: 0x00000063 (DXFMT_Q8W8V8U8)
2023-09-16T03:02:14.665Z In(05) vmx   cap[128]: 0x00000063 (DXFMT_CxV8U8)
2023-09-16T03:02:14.665Z In(05) vmx   cap[129]: 0x000000e3 (DXFMT_X8L8V8U8)
2023-09-16T03:02:14.665Z In(05) vmx   cap[130]: 0x000000e3 (DXFMT_A2W10V10U10)
2023-09-16T03:02:14.665Z In(05) vmx   cap[131]: 0x000000f7 (DXFMT_ALPHA8)
2023-09-16T03:02:14.665Z In(05) vmx   cap[132]: 0x000003f7 (DXFMT_R_S10E5)
2023-09-16T03:02:14.665Z In(05) vmx   cap[133]: 0x000003f7 (DXFMT_R_S23E8)
2023-09-16T03:02:14.665Z In(05) vmx   cap[134]: 0x000003f7 (DXFMT_RG_S10E5)
2023-09-16T03:02:14.665Z In(05) vmx   cap[135]: 0x000003f7 (DXFMT_RG_S23E8)
2023-09-16T03:02:14.665Z In(05) vmx   cap[136]: 0x00000001 (DXFMT_BUFFER)
2023-09-16T03:02:14.665Z In(05) vmx   cap[137]: 0x0000026b (DXFMT_Z_D24X8)
2023-09-16T03:02:14.665Z In(05) vmx   cap[138]: 0x000001e3 (DXFMT_V16U16)
2023-09-16T03:02:14.665Z In(05) vmx   cap[139]: 0x000003f7 (DXFMT_G16R16)
2023-09-16T03:02:14.665Z In(05) vmx   cap[140]: 0x000001f7 (DXFMT_A16B16G16R16)
2023-09-16T03:02:14.665Z In(05) vmx   cap[141]: 0x00000001 (DXFMT_UYVY)
2023-09-16T03:02:14.665Z In(05) vmx   cap[142]: 0x00000041 (DXFMT_YUY2)
2023-09-16T03:02:14.665Z In(05) vmx   cap[143]: 0x00000041 (DXFMT_NV12)
2023-09-16T03:02:14.665Z In(05) vmx   cap[144]: 0x00000000 (DXFMT_FORMAT_DEAD2)
2023-09-16T03:02:14.665Z In(05) vmx   cap[145]: 0x000002e1 (DXFMT_R32G32B32A32_TYPELESS)
2023-09-16T03:02:14.665Z In(05) vmx   cap[146]: 0x000003e7 (DXFMT_R32G32B32A32_UINT)
2023-09-16T03:02:14.665Z In(05) vmx   cap[147]: 0x000003e7 (DXFMT_R32G32B32A32_SINT)
2023-09-16T03:02:14.665Z In(05) vmx   cap[148]: 0x000000e1 (DXFMT_R32G32B32_TYPELESS)
2023-09-16T03:02:14.665Z In(05) vmx   cap[149]: 0x000001e3 (DXFMT_R32G32B32_FLOAT)
2023-09-16T03:02:14.665Z In(05) vmx   cap[150]: 0x000001e3 (DXFMT_R32G32B32_UINT)
2023-09-16T03:02:14.665Z In(05) vmx   cap[151]: 0x000001e3 (DXFMT_R32G32B32_SINT)
2023-09-16T03:02:14.665Z In(05) vmx   cap[152]: 0x000002e1 (DXFMT_R16G16B16A16_TYPELESS)
2023-09-16T03:02:14.665Z In(05) vmx   cap[153]: 0x000003e7 (DXFMT_R16G16B16A16_UINT)
2023-09-16T03:02:14.665Z In(05) vmx   cap[154]: 0x000003f7 (DXFMT_R16G16B16A16_SNORM)
2023-09-16T03:02:14.665Z In(05) vmx   cap[155]: 0x000003e7 (DXFMT_R16G16B16A16_SINT)
2023-09-16T03:02:14.665Z In(05) vmx   cap[156]: 0x000002e1 (DXFMT_R32G32_TYPELESS)
2023-09-16T03:02:14.665Z In(05) vmx   cap[157]: 0x000003e7 (DXFMT_R32G32_UINT)
2023-09-16T03:02:14.665Z In(05) vmx   cap[158]: 0x000003e7 (DXFMT_R32G32_SINT)
2023-09-16T03:02:14.665Z In(05) vmx   cap[159]: 0x00000261 (DXFMT_R32G8X24_TYPELESS)
2023-09-16T03:02:14.665Z In(05) vmx   cap[160]: 0x00000269 (DXFMT_D32_FLOAT_S8X24_UINT)
2023-09-16T03:02:14.665Z In(05) vmx   cap[161]: 0x00000063 (DXFMT_R32_FLOAT_X8X24)
2023-09-16T03:02:14.665Z In(05) vmx   cap[162]: 0x00000063 (DXFMT_X32_G8X24_UINT)
2023-09-16T03:02:14.665Z In(05) vmx   cap[163]: 0x000002e1 (DXFMT_R10G10B10A2_TYPELESS)
2023-09-16T03:02:14.665Z In(05) vmx   cap[164]: 0x000003e7 (DXFMT_R10G10B10A2_UINT)
2023-09-16T03:02:14.665Z In(05) vmx   cap[165]: 0x000003f7 (DXFMT_R11G11B10_FLOAT)
2023-09-16T03:02:14.665Z In(05) vmx   cap[166]: 0x000002e1 (DXFMT_R8G8B8A8_TYPELESS)
2023-09-16T03:02:14.665Z In(05) vmx   cap[167]: 0x000003f7 (DXFMT_R8G8B8A8_UNORM)
2023-09-16T03:02:14.665Z In(05) vmx   cap[168]: 0x000002f7 (DXFMT_R8G8B8A8_UNORM_SRGB)
2023-09-16T03:02:14.665Z In(05) vmx   cap[169]: 0x000003e7 (DXFMT_R8G8B8A8_UINT)
2023-09-16T03:02:14.665Z In(05) vmx   cap[170]: 0x000003e7 (DXFMT_R8G8B8A8_SINT)
2023-09-16T03:02:14.665Z In(05) vmx   cap[171]: 0x000002e1 (DXFMT_R16G16_TYPELESS)
2023-09-16T03:02:14.665Z In(05) vmx   cap[172]: 0x000003e7 (DXFMT_R16G16_UINT)
2023-09-16T03:02:14.665Z In(05) vmx   cap[173]: 0x000003e7 (DXFMT_R16G16_SINT)
2023-09-16T03:02:14.665Z In(05) vmx   cap[174]: 0x000002e1 (DXFMT_R32_TYPELESS)
2023-09-16T03:02:14.665Z In(05) vmx   cap[175]: 0x00000269 (DXFMT_D32_FLOAT)
2023-09-16T03:02:14.665Z In(05) vmx   cap[176]: 0x000003e7 (DXFMT_R32_UINT)
2023-09-16T03:02:14.665Z In(05) vmx   cap[177]: 0x000003e7 (DXFMT_R32_SINT)
2023-09-16T03:02:14.665Z In(05) vmx   cap[178]: 0x00000261 (DXFMT_R24G8_TYPELESS)
2023-09-16T03:02:14.665Z In(05) vmx   cap[179]: 0x00000269 (DXFMT_D24_UNORM_S8_UINT)
2023-09-16T03:02:14.665Z In(05) vmx   cap[180]: 0x00000063 (DXFMT_R24_UNORM_X8)
2023-09-16T03:02:14.665Z In(05) vmx   cap[181]: 0x00000063 (DXFMT_X24_G8_UINT)
2023-09-16T03:02:14.665Z In(05) vmx   cap[182]: 0x000002e1 (DXFMT_R8G8_TYPELESS)
2023-09-16T03:02:14.665Z In(05) vmx   cap[183]: 0x000003f7 (DXFMT_R8G8_UNORM)
2023-09-16T03:02:14.665Z In(05) vmx   cap[184]: 0x000003e7 (DXFMT_R8G8_UINT)
2023-09-16T03:02:14.665Z In(05) vmx   cap[185]: 0x000003e7 (DXFMT_R8G8_SINT)
2023-09-16T03:02:14.665Z In(05) vmx   cap[186]: 0x000002e1 (DXFMT_R16_TYPELESS)
2023-09-16T03:02:14.665Z In(05) vmx   cap[187]: 0x000003f7 (DXFMT_R16_UNORM)
2023-09-16T03:02:14.665Z In(05) vmx   cap[188]: 0x000003e7 (DXFMT_R16_UINT)
2023-09-16T03:02:14.665Z In(05) vmx   cap[189]: 0x000003f7 (DXFMT_R16_SNORM)
2023-09-16T03:02:14.665Z In(05) vmx   cap[190]: 0x000003e7 (DXFMT_R16_SINT)
2023-09-16T03:02:14.665Z In(05) vmx   cap[191]: 0x000002e1 (DXFMT_R8_TYPELESS)
2023-09-16T03:02:14.665Z In(05) vmx   cap[192]: 0x000003f7 (DXFMT_R8_UNORM)
2023-09-16T03:02:14.665Z In(05) vmx   cap[193]: 0x000003e7 (DXFMT_R8_UINT)
2023-09-16T03:02:14.665Z In(05) vmx   cap[194]: 0x000003f7 (DXFMT_R8_SNORM)
2023-09-16T03:02:14.665Z In(05) vmx   cap[195]: 0x000003e7 (DXFMT_R8_SINT)
2023-09-16T03:02:14.665Z In(05) vmx   cap[196]: 0x00000001 (DXFMT_P8)
2023-09-16T03:02:14.665Z In(05) vmx   cap[197]: 0x000000e3 (DXFMT_R9G9B9E5_SHAREDEXP)
2023-09-16T03:02:14.665Z In(05) vmx   cap[198]: 0x000000e3 (DXFMT_R8G8_B8G8_UNORM)
2023-09-16T03:02:14.665Z In(05) vmx   cap[199]: 0x000000e3 (DXFMT_G8R8_G8B8_UNORM)
2023-09-16T03:02:14.665Z In(05) vmx   cap[200]: 0x000000e1 (DXFMT_BC1_TYPELESS)
2023-09-16T03:02:14.665Z In(05) vmx   cap[201]: 0x000000e3 (DXFMT_BC1_UNORM_SRGB)
2023-09-16T03:02:14.665Z In(05) vmx   cap[202]: 0x000000e1 (DXFMT_BC2_TYPELESS)
2023-09-16T03:02:14.665Z In(05) vmx   cap[203]: 0x000000e3 (DXFMT_BC2_UNORM_SRGB)
2023-09-16T03:02:14.665Z In(05) vmx   cap[204]: 0x000000e1 (DXFMT_BC3_TYPELESS)
2023-09-16T03:02:14.665Z In(05) vmx   cap[205]: 0x000000e3 (DXFMT_BC3_UNORM_SRGB)
2023-09-16T03:02:14.665Z In(05) vmx   cap[206]: 0x000000e1 (DXFMT_BC4_TYPELESS)
2023-09-16T03:02:14.665Z In(05) vmx   cap[207]: 0x00000063 (DXFMT_ATI1)
2023-09-16T03:02:14.665Z In(05) vmx   cap[208]: 0x000000e3 (DXFMT_BC4_SNORM)
2023-09-16T03:02:14.665Z In(05) vmx   cap[209]: 0x000000e1 (DXFMT_BC5_TYPELESS)
2023-09-16T03:02:14.665Z In(05) vmx   cap[210]: 0x00000063 (DXFMT_ATI2)
2023-09-16T03:02:14.665Z In(05) vmx   cap[211]: 0x000000e3 (DXFMT_BC5_SNORM)
2023-09-16T03:02:14.665Z In(05) vmx   cap[212]: 0x00000045 (DXFMT_R10G10B10_XR_BIAS_A2_UNORM)
2023-09-16T03:02:14.665Z In(05) vmx   cap[213]: 0x000002e1 (DXFMT_B8G8R8A8_TYPELESS)
2023-09-16T03:02:14.665Z In(05) vmx   cap[214]: 0x000002f7 (DXFMT_B8G8R8A8_UNORM_SRGB)
2023-09-16T03:02:14.665Z In(05) vmx   cap[215]: 0x000002e1 (DXFMT_B8G8R8X8_TYPELESS)
2023-09-16T03:02:14.665Z In(05) vmx   cap[216]: 0x000002f7 (DXFMT_B8G8R8X8_UNORM_SRGB)
2023-09-16T03:02:14.665Z In(05) vmx   cap[217]: 0x0000006b (DXFMT_Z_DF16)
2023-09-16T03:02:14.665Z In(05) vmx   cap[218]: 0x0000006b (DXFMT_Z_DF24)
2023-09-16T03:02:14.665Z In(05) vmx   cap[219]: 0x0000006b (DXFMT_Z_D24S8_INT)
2023-09-16T03:02:14.665Z In(05) vmx   cap[220]: 0x00000001 (DXFMT_YV12)
2023-09-16T03:02:14.665Z In(05) vmx   cap[221]: 0x000003f7 (DXFMT_R32G32B32A32_FLOAT)
2023-09-16T03:02:14.665Z In(05) vmx   cap[222]: 0x000003f7 (DXFMT_R16G16B16A16_FLOAT)
2023-09-16T03:02:14.665Z In(05) vmx   cap[223]: 0x000003f7 (DXFMT_R16G16B16A16_UNORM)
2023-09-16T03:02:14.666Z In(05) vmx   cap[224]: 0x000003f7 (DXFMT_R32G32_FLOAT)
2023-09-16T03:02:14.666Z In(05) vmx   cap[225]: 0x000003f7 (DXFMT_R10G10B10A2_UNORM)
2023-09-16T03:02:14.666Z In(05) vmx   cap[226]: 0x000003f7 (DXFMT_R8G8B8A8_SNORM)
2023-09-16T03:02:14.666Z In(05) vmx   cap[227]: 0x000003f7 (DXFMT_R16G16_FLOAT)
2023-09-16T03:02:14.666Z In(05) vmx   cap[228]: 0x000003f7 (DXFMT_R16G16_UNORM)
2023-09-16T03:02:14.666Z In(05) vmx   cap[229]: 0x000003f7 (DXFMT_R16G16_SNORM)
2023-09-16T03:02:14.666Z In(05) vmx   cap[230]: 0x000003f7 (DXFMT_R32_FLOAT)
2023-09-16T03:02:14.666Z In(05) vmx   cap[231]: 0x000003f7 (DXFMT_R8G8_SNORM)
2023-09-16T03:02:14.666Z In(05) vmx   cap[232]: 0x000003f7 (DXFMT_R16_FLOAT)
2023-09-16T03:02:14.666Z In(05) vmx   cap[233]: 0x00000269 (DXFMT_D16_UNORM)
2023-09-16T03:02:14.666Z In(05) vmx   cap[234]: 0x000002f7 (DXFMT_A8_UNORM)
2023-09-16T03:02:14.666Z In(05) vmx   cap[235]: 0x000000e3 (DXFMT_BC1_UNORM)
2023-09-16T03:02:14.666Z In(05) vmx   cap[236]: 0x000000e3 (DXFMT_BC2_UNORM)
2023-09-16T03:02:14.666Z In(05) vmx   cap[237]: 0x000000e3 (DXFMT_BC3_UNORM)
2023-09-16T03:02:14.666Z In(05) vmx   cap[238]: 0x000002f7 (DXFMT_B5G6R5_UNORM)
2023-09-16T03:02:14.666Z In(05) vmx   cap[239]: 0x000002f7 (DXFMT_B5G5R5A1_UNORM)
2023-09-16T03:02:14.666Z In(05) vmx   cap[240]: 0x000003f7 (DXFMT_B8G8R8A8_UNORM)
2023-09-16T03:02:14.666Z In(05) vmx   cap[241]: 0x000003f7 (DXFMT_B8G8R8X8_UNORM)
2023-09-16T03:02:14.666Z In(05) vmx   cap[242]: 0x000000e3 (DXFMT_BC4_UNORM)
2023-09-16T03:02:14.666Z In(05) vmx   cap[243]: 0x000000e3 (DXFMT_BC5_UNORM)
2023-09-16T03:02:14.666Z In(05) vmx   cap[244]: 0x00000001 (SM41)
2023-09-16T03:02:14.666Z In(05) vmx   cap[245]: 0x00000001 (MULTISAMPLE_2X)
2023-09-16T03:02:14.666Z In(05) vmx   cap[246]: 0x00000001 (MULTISAMPLE_4X)
2023-09-16T03:02:14.666Z In(05) vmx   cap[247]: 0x00000001 (MS_FULL_QUALITY)
2023-09-16T03:02:14.666Z In(05) vmx   cap[248]: 0x00000001 (LOGICOPS)
2023-09-16T03:02:14.666Z In(05) vmx   cap[249]: 0x00000000 (LOGIC_BLENDOPS)
2023-09-16T03:02:14.666Z In(05) vmx   cap[250]: 0x00000000 (DEAD12)
2023-09-16T03:02:14.666Z In(05) vmx   cap[251]: 0x000000e1 (DXFMT_BC6H_TYPELESS)
2023-09-16T03:02:14.666Z In(05) vmx   cap[252]: 0x000000e3 (DXFMT_BC6H_UF16)
2023-09-16T03:02:14.666Z In(05) vmx   cap[253]: 0x000000e3 (DXFMT_BC6H_SF16)
2023-09-16T03:02:14.666Z In(05) vmx   cap[254]: 0x000000e1 (DXFMT_BC7_TYPELESS)
2023-09-16T03:02:14.666Z In(05) vmx   cap[255]: 0x000000e3 (DXFMT_BC7_UNORM)
2023-09-16T03:02:14.666Z In(05) vmx   cap[256]: 0x000000e3 (DXFMT_BC7_UNORM_SRGB)
2023-09-16T03:02:14.666Z In(05) vmx   cap[257]: 0x00000000 (DEAD13)
2023-09-16T03:02:14.666Z In(05) vmx   cap[258]: 0x00000001 (SM5)
2023-09-16T03:02:14.666Z In(05) vmx   cap[259]: 0x00000001 (MULTISAMPLE_8X)
2023-09-16T03:02:14.666Z In(05) vmx   cap[260]: 0x00000010 (MAX_FORCED_SAMPLE_COUNT)
2023-09-16T03:02:14.666Z In(05) vmx   cap[261]: 0x00000001 (GL43)
2023-09-16T03:02:14.666Z In(05) vmx SVGA3dClamp:     Host Provides     BC67Level:     9 (    9,     9)
2023-09-16T03:02:14.666Z In(05) vmx SVGA3dClamp:     Host Provides BaseCapsLevel:     9 (    9,     9)
2023-09-16T03:02:14.666Z In(05) vmx SVGA3dClamp:     Host Provides    ClampLevel:     0 (    0,    10)
2023-09-16T03:02:14.666Z In(05) vmx SVGAFeature config id: 0
2023-09-16T03:02:14.666Z In(05) vmx SVGAFeature config svga.supports3D bool 1
2023-09-16T03:02:14.666Z In(05) vmx SVGAFeature config svga.baseCapsLevel num 9
2023-09-16T03:02:14.666Z In(05) vmx SVGAFeature config svga.maxPointSize num 1
2023-09-16T03:02:14.666Z In(05) vmx SVGAFeature config svga.maxTextureSize num 16384
2023-09-16T03:02:14.666Z In(05) vmx SVGAFeature config svga.maxVolumeExtent num 2048
2023-09-16T03:02:14.666Z In(05) vmx SVGAFeature config svga.maxTextureAnisotropy num 16
2023-09-16T03:02:14.666Z In(05) vmx SVGAFeature config svga.lineStipple bool 0
2023-09-16T03:02:14.666Z In(05) vmx SVGAFeature config svga.dxMaxConstantBuffers num 15
2023-09-16T03:02:14.666Z In(05) vmx SVGAFeature config svga.dxProvokingVertex bool 0
2023-09-16T03:02:14.666Z In(05) vmx SVGAFeature config svga.sm41 bool 1
2023-09-16T03:02:14.666Z In(05) vmx SVGAFeature config svga.multisample2x bool 1
2023-09-16T03:02:14.666Z In(05) vmx SVGAFeature config svga.multisample4x bool 1
2023-09-16T03:02:14.666Z In(05) vmx SVGAFeature config svga.msFullQuality bool 1
2023-09-16T03:02:14.666Z In(05) vmx SVGAFeature config svga.logicOps bool 1
2023-09-16T03:02:14.666Z In(05) vmx SVGAFeature config svga.bc67 num 9
2023-09-16T03:02:14.666Z In(05) vmx SVGAFeature config svga.sm5 bool 1
2023-09-16T03:02:14.666Z In(05) vmx SVGAFeature config svga.multisample8x bool 1
2023-09-16T03:02:14.666Z In(05) vmx SVGAFeature config svga.logicBlendOps bool 0
2023-09-16T03:02:14.666Z In(05) vmx SVGAFeature config svga.maxForcedSampleCount num 16
2023-09-16T03:02:14.666Z In(05) vmx SVGAFeature config svga.gl43 bool 1
2023-09-16T03:02:14.667Z In(05) vmx USB: Initializing 'UHCI' host controller
2023-09-16T03:02:14.667Z No(00) vmx ConfigDB: Setting usb:1.speed = "2"
2023-09-16T03:02:14.668Z In(05) vmx Ethernet0 MAC Address: 00:0c:29:04:04:bc
2023-09-16T03:02:14.670Z In(05) vmx USB: Initializing 'EHCI' host controller
2023-09-16T03:02:14.671Z In(05) vmx USB: Initializing 'xHCI' host controller
2023-09-16T03:02:14.671Z In(05) vmx PCIXHCI: SuperSpeedPlus(USB3.1) is supported by xhci.
2023-09-16T03:02:14.671Z No(00) vmx ConfigDB: Setting usb_xhci:4.present = "TRUE"
2023-09-16T03:02:14.671Z No(00) vmx ConfigDB: Setting usb_xhci:4.deviceType = "hid"
2023-09-16T03:02:14.671Z No(00) vmx ConfigDB: Setting usb_xhci:4.port = "4"
2023-09-16T03:02:14.671Z No(00) vmx ConfigDB: Setting usb_xhci:4.parent = "-1"
2023-09-16T03:02:14.676Z No(00) vmx ConfigDB: Setting vmci0.id = "537134268"
2023-09-16T03:02:14.683Z In(05) vmx AHCI:Successfully created adapter 'sata0' as num 0
2023-09-16T03:02:14.683Z In(05) vmx SCSI DEVICE (sata0:1): Computed value of sata0:1.useBounceBuffers: default
2023-09-16T03:02:14.683Z In(05) vmx DISKUTIL: sata0:1 : capacity=0 logical sector size=2048
2023-09-16T03:02:14.683Z In(05) vmx DISKUTIL: sata0:1 : geometry=0/0/0
2023-09-16T03:02:14.683Z In(05) vmx AHCI:Creating ATAPI CDROM on SATA adapter.
2023-09-16T03:02:14.683Z In(05) vmx AHCI:Successfully created device: sata0:1
2023-09-16T03:02:14.683Z In(05) vmx SCSI: nvme0: intr coalescing: on period=50msec cifTh=4 iopsTh=2000 hlt=0
2023-09-16T03:02:14.683Z In(05) vmx NVME-CORE: nvme0: useDeviceThread=1
2023-09-16T03:02:14.683Z In(05) vmx SCSI10: UNTAGGED commands will be converted to ORDER tags.
2023-09-16T03:02:14.684Z In(05) vmx NVME-CORE: Doing a full reset of controller regs and queues.
2023-09-16T03:02:14.684Z In(05) vmx NVME-CORE:Successfully created adapter 'nvme0' as num 0
2023-09-16T03:02:14.684Z In(05) vmx NVME-CORE:Creating Hard Disk (devIdx:0) on NVME adapter.
2023-09-16T03:02:14.684Z In(05) vmx SCSI DEVICE (nvme0:0): Computed value of nvme0:0.useBounceBuffers: default
2023-09-16T03:02:14.684Z In(05) vmx DISKUTIL: nvme0:0 : capacity=167772160 logical sector size=512
2023-09-16T03:02:14.684Z In(05) vmx DISKUTIL: nvme0:0 : geometry=10443/255/63
2023-09-16T03:02:14.684Z In(05) vmx NVME-CORE:Successfully created device: nvme0:0
2023-09-16T03:02:14.686Z In(05) vmx WORKER: Creating new group with maxThreads=1 (18)
2023-09-16T03:02:14.686Z In(05) vmx DISKUTIL: (null) : max toolsVersion = 0, type = 0
2023-09-16T03:02:14.686Z In(05) vmx DISKUTIL: Offline toolsVersion = 0, type = 0
2023-09-16T03:02:14.686Z In(05) vmx TOOLS setting legacy tools version to '0' type 0, manifest status is 9
2023-09-16T03:02:14.686Z In(05) vmx ToolsISO: Refreshing imageName for 'windows9' (refreshCount=1, lastCount=1).
2023-09-16T03:02:14.686Z In(05) vmx ToolsISO: open of C:\Program Files (x86)\VMware\VMware Workstation\isoimages_manifest.txt.sig failed: Could not find the file
2023-09-16T03:02:14.686Z In(05) vmx ToolsISO: Unable to read signature file 'C:\Program Files (x86)\VMware\VMware Workstation\isoimages_manifest.txt.sig', ignoring.
2023-09-16T03:02:14.687Z In(05) vmx ToolsISO: Updated cached value for imageName to 'windows.iso'.
2023-09-16T03:02:14.687Z In(05) vmx ToolsISO: Selected Tools ISO 'windows.iso' for 'windows9' guest.
2023-09-16T03:02:14.687Z In(05) vmx TOOLS updated cached value for isoImageExists to 1.
2023-09-16T03:02:14.687Z In(05) vmx VMXVmdb_SetToolsVersionStatus: status value set to 'noTools', 'noTools', install possible
2023-09-16T03:02:14.687Z In(05) vmx ToolsISO: Refreshing imageName for 'windows9' (refreshCount=1, lastCount=1).
2023-09-16T03:02:14.687Z In(05) vmx ToolsISO: open of C:\Program Files (x86)\VMware\VMware Workstation\isoimages_manifest.txt.sig failed: Could not find the file
2023-09-16T03:02:14.687Z In(05) vmx ToolsISO: Unable to read signature file 'C:\Program Files (x86)\VMware\VMware Workstation\isoimages_manifest.txt.sig', ignoring.
2023-09-16T03:02:14.687Z In(05) vmx ToolsISO: Updated cached value for imageName to 'windows.iso'.
2023-09-16T03:02:14.687Z In(05) vmx ToolsISO: Selected Tools ISO 'windows.iso' for 'windows9' guest.
2023-09-16T03:02:14.687Z In(05) vmx TOOLS updated cached value for isoImageExists to 1.
2023-09-16T03:02:14.687Z In(05) vmx VMXVmdb_SetToolsVersionStatus: status value set to 'noTools', 'noTools', install possible
2023-09-16T03:02:14.687Z In(05) vmx ToolsISO: Refreshing imageName for 'windows9' (refreshCount=1, lastCount=1).
2023-09-16T03:02:14.688Z In(05) vmx ToolsISO: open of C:\Program Files (x86)\VMware\VMware Workstation\isoimages_manifest.txt.sig failed: Could not find the file
2023-09-16T03:02:14.688Z In(05) vmx ToolsISO: Unable to read signature file 'C:\Program Files (x86)\VMware\VMware Workstation\isoimages_manifest.txt.sig', ignoring.
2023-09-16T03:02:14.688Z In(05) vmx ToolsISO: Updated cached value for imageName to 'windows.iso'.
2023-09-16T03:02:14.688Z In(05) vmx ToolsISO: Selected Tools ISO 'windows.iso' for 'windows9' guest.
2023-09-16T03:02:14.688Z In(05) vmx MsgHint: msg.tools.toolsReminder
2023-09-16T03:02:14.688Z In(05)+ vmx Install the VMware Tools package inside this virtual machine. After the guest operating system starts, select VM > Install VMware Tools… and follow the instructions.
2023-09-16T03:02:14.688Z In(05)+ vmx ---------------------------------------
2023-09-16T03:02:14.708Z In(05) vmx TOOLS INSTALL initializing state to IDLE on power on.
2023-09-16T03:02:14.708Z In(05) vmx TOOLS INSTALL updating Rpc handlers registration.
2023-09-16T03:02:14.708Z In(05) vmx TOOLS INSTALL register RPC: upgrader.setGuestFileRoot
2023-09-16T03:02:14.708Z In(05) vmx TOOLS INSTALL register RPC: toolinstall.is_image_inserted
2023-09-16T03:02:14.708Z In(05) vmx TOOLS INSTALL register RPC: toolinstall.installerActive
2023-09-16T03:02:14.708Z In(05) vmx TOOLS INSTALL register RPC: guest.upgrader_send_cmd_line_args
2023-09-16T03:02:14.709Z In(05) vmx P9FS_PowerOn: 9PFS server is not enabled.
2023-09-16T03:02:14.709Z In(05) vmx HgfsServerManagerVigorInit: Initialize: dev api
2023-09-16T03:02:14.709Z In(05) vmx MKSVMX: Copy/paste enabled = 1
2023-09-16T03:02:14.709Z In(05) vmx DEPLOYPKG: No pending deploy package name set
2023-09-16T03:02:14.709Z In(05) vmx DEPLOYPKG: ToolsDeployPkgPublishState: state=0, code=0, message=(null)
2023-09-16T03:02:14.710Z In(05) vmx MonPmc: ctrBase 0x4c1 selBase 0x186/1 PGC 1/1 SMM 1 drain 0 AMD 0
2023-09-16T03:02:14.710Z In(05)+ vmx MonPmc:   gen counters num: 8 width 48 write width 48
2023-09-16T03:02:14.710Z In(05)+ vmx MonPmc:   fix counters num: 4 width 48; version 5
2023-09-16T03:02:14.710Z In(05)+ vmx MonPmc:   unavailable counters: 0xf000000ff
2023-09-16T03:02:14.710Z In(05) vmx CPT: Restoring checkpoint D:\Windows 10 test-0b87dbff.vmss
2023-09-16T03:02:14.712Z In(05) vmx DUMPER: Restoring checkpoint version 8.
2023-09-16T03:02:14.712Z In(05) vmx PStrIntern expansion: nBkts=256
2023-09-16T03:02:14.712Z In(05) vmx Progress -1% (msg.checkpoint.restoreStatus)
2023-09-16T03:02:14.712Z In(05) vmx   restoring GuestVars
2023-09-16T03:02:14.717Z In(05) vmx   restoring A20
2023-09-16T03:02:14.717Z In(05) vmx   restoring BusMemSample
2023-09-16T03:02:14.717Z In(05) vmx   restoring UUIDVMX
2023-09-16T03:02:14.717Z In(05) vmx   restoring memory
2023-09-16T03:02:14.730Z In(05) vmx MainMem: Opened paging file, 'D:\Windows 10 test-0b87dbff.vmem'.
2023-09-16T03:02:14.730Z In(05) vmx MemSched: caller 0 numvm 1 locked pages: num 2506 max 1586944
2023-09-16T03:02:14.730Z In(05) vmx MemSched: locked Page Limit: host 1659234 config 1595136
2023-09-16T03:02:14.730Z In(05) vmx MemSched: minmempct 50  timestamp 26530
2023-09-16T03:02:14.730Z In(05) vmx MemSched: VM 0 min 570093 max 1094381 shares 1048576 paged 4140402 nonpaged 37387 anonymous 8418 locked 2506 touchedPct 0 dirtiedPct 0 timestamp 26530 vmResponsive is 1
2023-09-16T03:02:14.730Z In(05) vmx MemSched: locked 2506 target 1094381 balloon 0 0 0 swapped 0 0 allocd 0 512 state 0 100
2023-09-16T03:02:14.730Z In(05) vmx MemSched: states: 0 1 : 1 0 : 2 0 : 3 0
2023-09-16T03:02:14.730Z In(05) vmx MemSched: Balloon enabled 1 guestType 0 maxSize 0
2023-09-16T03:02:14.730Z In(05) vmx Progress 0% (none)
2023-09-16T03:02:14.762Z In(05) vmx Progress 1% (none)
2023-09-16T03:02:14.793Z In(05) vmx Progress 2% (none)
2023-09-16T03:02:14.824Z In(05) vmx Progress 3% (none)
2023-09-16T03:02:14.853Z In(05) vmx Progress 4% (none)
2023-09-16T03:02:14.881Z In(05) vmx Progress 5% (none)
2023-09-16T03:02:14.909Z In(05) vmx Progress 6% (none)
2023-09-16T03:02:14.939Z In(05) vmx Progress 7% (none)
2023-09-16T03:02:14.967Z In(05) vmx Progress 8% (none)
2023-09-16T03:02:14.996Z In(05) vmx Progress 9% (none)
2023-09-16T03:02:15.025Z In(05) vmx Progress 10% (none)
2023-09-16T03:02:15.054Z In(05) vmx Progress 11% (none)
2023-09-16T03:02:15.084Z In(05) vmx Progress 12% (none)
2023-09-16T03:02:15.112Z In(05) vmx Progress 13% (none)
2023-09-16T03:02:15.143Z In(05) vmx Progress 14% (none)
2023-09-16T03:02:15.172Z In(05) vmx Progress 15% (none)
2023-09-16T03:02:15.199Z In(05) vmx Progress 16% (none)
2023-09-16T03:02:15.230Z In(05) vmx Progress 17% (none)
2023-09-16T03:02:15.259Z In(05) vmx Progress 18% (none)
2023-09-16T03:02:15.288Z In(05) vmx Progress 19% (none)
2023-09-16T03:02:15.315Z In(05) vmx Progress 20% (none)
2023-09-16T03:02:15.343Z In(05) vmx Progress 21% (none)
2023-09-16T03:02:15.372Z In(05) vmx Progress 22% (none)
2023-09-16T03:02:15.400Z In(05) vmx Progress 23% (none)
2023-09-16T03:02:15.428Z In(05) vmx Progress 24% (none)
2023-09-16T03:02:15.458Z In(05) vmx Progress 25% (none)
2023-09-16T03:02:15.487Z In(05) vmx Progress 26% (none)
2023-09-16T03:02:15.516Z In(05) vmx Progress 27% (none)
2023-09-16T03:02:15.543Z In(05) vmx Progress 28% (none)
2023-09-16T03:02:15.570Z In(05) vmx Progress 29% (none)
2023-09-16T03:02:15.598Z In(05) vmx Progress 30% (none)
2023-09-16T03:02:15.625Z In(05) vmx Progress 31% (none)
2023-09-16T03:02:15.650Z In(05) vmx Progress 32% (none)
2023-09-16T03:02:15.680Z In(05) vmx Progress 33% (none)
2023-09-16T03:02:15.709Z In(05) vmx Progress 34% (none)
2023-09-16T03:02:15.738Z In(05) vmx Progress 35% (none)
2023-09-16T03:02:15.765Z In(05) vmx Progress 36% (none)
2023-09-16T03:02:15.794Z In(05) vmx Progress 37% (none)
2023-09-16T03:02:15.823Z In(05) vmx Progress 38% (none)
2023-09-16T03:02:15.852Z In(05) vmx Progress 39% (none)
2023-09-16T03:02:15.881Z In(05) vmx Progress 40% (none)
2023-09-16T03:02:15.921Z In(05) vmx Progress 41% (none)
2023-09-16T03:02:15.948Z In(05) vmx Progress 42% (none)
2023-09-16T03:02:15.977Z In(05) vmx Progress 43% (none)
2023-09-16T03:02:16.006Z In(05) vmx Progress 44% (none)
2023-09-16T03:02:16.037Z In(05) vmx Progress 45% (none)
2023-09-16T03:02:16.065Z In(05) vmx Progress 46% (none)
2023-09-16T03:02:16.094Z In(05) vmx Progress 47% (none)
2023-09-16T03:02:16.123Z In(05) vmx Progress 48% (none)
2023-09-16T03:02:16.152Z In(05) vmx Progress 49% (none)
2023-09-16T03:02:16.180Z In(05) vmx Progress 50% (none)
2023-09-16T03:02:16.208Z In(05) vmx Progress 51% (none)
2023-09-16T03:02:16.237Z In(05) vmx Progress 52% (none)
2023-09-16T03:02:16.266Z In(05) vmx Progress 53% (none)
2023-09-16T03:02:16.295Z In(05) vmx Progress 54% (none)
2023-09-16T03:02:16.323Z In(05) vmx Progress 55% (none)
2023-09-16T03:02:16.352Z In(05) vmx Progress 56% (none)
2023-09-16T03:02:16.383Z In(05) vmx Progress 57% (none)
2023-09-16T03:02:16.410Z In(05) vmx Progress 58% (none)
2023-09-16T03:02:16.437Z In(05) vmx Progress 59% (none)
2023-09-16T03:02:16.466Z In(05) vmx Progress 60% (none)
2023-09-16T03:02:16.497Z In(05) vmx Progress 61% (none)
2023-09-16T03:02:16.526Z In(05) vmx Progress 62% (none)
2023-09-16T03:02:16.553Z In(05) vmx Progress 63% (none)
2023-09-16T03:02:16.581Z In(05) vmx Progress 64% (none)
2023-09-16T03:02:16.636Z In(05) vmx Progress 65% (none)
2023-09-16T03:02:16.662Z In(05) vmx Progress 66% (none)
2023-09-16T03:02:16.690Z In(05) vmx Progress 67% (none)
2023-09-16T03:02:16.719Z In(05) vmx Progress 68% (none)
2023-09-16T03:02:16.747Z In(05) vmx Progress 69% (none)
2023-09-16T03:02:16.774Z In(05) vmx Progress 70% (none)
2023-09-16T03:02:16.830Z In(05) vmx Progress 71% (none)
2023-09-16T03:02:16.858Z In(05) vmx Progress 72% (none)
2023-09-16T03:02:16.899Z In(05) vmx Progress 73% (none)
2023-09-16T03:02:16.935Z In(05) vmx Progress 74% (none)
2023-09-16T03:02:16.970Z In(05) vmx Progress 75% (none)
2023-09-16T03:02:17.037Z In(05) vmx Progress 76% (none)
2023-09-16T03:02:17.132Z In(05) vmx Progress 77% (none)
2023-09-16T03:02:17.220Z In(05) vmx Progress 78% (none)
2023-09-16T03:02:17.327Z In(05) vmx Progress 79% (none)
2023-09-16T03:02:17.428Z In(05) vmx Progress 80% (none)
2023-09-16T03:02:17.523Z In(05) vmx Progress 81% (none)
2023-09-16T03:02:17.658Z In(05) vmx Progress 82% (none)
2023-09-16T03:02:17.809Z In(05) vmx Progress 83% (none)
2023-09-16T03:02:17.965Z In(05) vmx Progress 84% (none)
2023-09-16T03:02:18.103Z In(05) vmx Progress 85% (none)
2023-09-16T03:02:18.230Z In(05) vmx Progress 86% (none)
2023-09-16T03:02:18.362Z In(05) vmx Progress 87% (none)
2023-09-16T03:02:18.524Z In(05) vmx Progress 88% (none)
2023-09-16T03:02:18.639Z In(05) vmx Progress 89% (none)
2023-09-16T03:02:18.757Z In(05) vmx Progress 90% (none)
2023-09-16T03:02:18.873Z In(05) vmx Progress 91% (none)
2023-09-16T03:02:18.958Z In(05) vmx Progress 92% (none)
2023-09-16T03:02:19.036Z In(05) vmx Progress 93% (none)
2023-09-16T03:02:19.187Z In(05) vmx Progress 94% (none)
2023-09-16T03:02:19.279Z In(05) vmx Progress 95% (none)
2023-09-16T03:02:19.342Z In(05) vmx Progress 96% (none)
2023-09-16T03:02:19.398Z In(05) vmx MainMem: Prefetch 4089 MB from checkpoint (1046880 hot, 1031814 locked, lazy = 0).
2023-09-16T03:02:19.398Z In(05) vmx   restoring MStats
2023-09-16T03:02:19.398Z In(05) vmx   restoring Snapshot
2023-09-16T03:02:19.402Z In(05) vmx   restoring pic
2023-09-16T03:02:19.402Z In(05) vmx   restoring nvme0:0
2023-09-16T03:02:19.402Z In(05) vmx   restoring sata0:1
2023-09-16T03:02:19.402Z In(05) vmx   restoring FeatureCompat
2023-09-16T03:02:19.403Z In(05) vmx   restoring TimeTracker
2023-09-16T03:02:19.403Z In(05) vmx TimeTracker host to guest rate conversion 501335377 @ 2419203000Hz -> 197137654874 @ 2419203000Hz
2023-09-16T03:02:19.403Z In(05) vmx TimeTracker host to guest rate conversion ((x * 2147483648) >> 31) + 196636319497
2023-09-16T03:02:19.403Z In(05) vmx TSC scaling enabled.
2023-09-16T03:02:19.403Z In(05) vmx TSC offsetting enabled.
2023-09-16T03:02:19.403Z In(05) vmx timeTracker.globalProgressMaxAllowanceMS: 2000
2023-09-16T03:02:19.403Z In(05) vmx timeTracker.globalProgressToAllowanceNS: 1000
2023-09-16T03:02:19.403Z In(05) vmx   restoring Backdoor
2023-09-16T03:02:19.403Z In(05) vmx   restoring PCI
2023-09-16T03:02:19.403Z In(05) vmx   restoring ExtCfgDevice
2023-09-16T03:02:19.403Z In(05) vmx   restoring Cs440bx
2023-09-16T03:02:19.403Z In(05) vmx DUMPER: Item 'gpe.status' [2, -1] not found.
2023-09-16T03:02:19.403Z In(05) vmx DUMPER: Item 'gpe.enable' [2, -1] not found.
2023-09-16T03:02:19.404Z In(05) vmx   restoring AcpiNotify
2023-09-16T03:02:19.404Z In(05) vmx   restoring vcpuHotPlug
2023-09-16T03:02:19.404Z In(05) vmx   restoring MemoryHotplug
2023-09-16T03:02:19.405Z In(05) vmx   restoring devHP
2023-09-16T03:02:19.405Z In(05) vmx   restoring ACPIWake
2023-09-16T03:02:19.405Z In(05) vmx   restoring VMGenCtr
2023-09-16T03:02:19.405Z In(05) vmx   restoring OEMDevice
2023-09-16T03:02:19.405Z In(05) vmx   restoring HotButton
2023-09-16T03:02:19.405Z In(05) vmx   restoring Timer
2023-09-16T03:02:19.405Z In(05) vmx   restoring ACPI
2023-09-16T03:02:19.405Z In(05) vmx   restoring XPMode
2023-09-16T03:02:19.405Z In(05) vmx   restoring DMA
2023-09-16T03:02:19.405Z In(05) vmx   restoring BackdoorAPM
2023-09-16T03:02:19.405Z In(05) vmx   restoring smram
2023-09-16T03:02:19.405Z In(05) vmx   restoring backdoorAbsMouse
2023-09-16T03:02:19.405Z In(05) vmx   restoring Keyboard
2023-09-16T03:02:19.405Z In(05) vmx   restoring SIO
2023-09-16T03:02:19.405Z In(05) vmx   restoring serial0
2023-09-16T03:02:19.405Z In(05) vmx   restoring monitorLate
2023-09-16T03:02:19.405Z In(05) vmx   restoring vcpuNUMA
2023-09-16T03:02:19.405Z In(05) vmx   restoring devices
2023-09-16T03:02:19.405Z In(05) vmx   restoring configdbFT
2023-09-16T03:02:19.405Z In(05) vmx   restoring DevicesPowerOn
2023-09-16T03:02:19.405Z In(05) vmx   restoring PCIBridge0
2023-09-16T03:02:19.405Z In(05) vmx   restoring PCIBridge4
2023-09-16T03:02:19.405Z In(05) vmx   restoring pciBridge4:1
2023-09-16T03:02:19.406Z In(05) vmx   restoring pciBridge4:2
2023-09-16T03:02:19.406Z In(05) vmx   restoring pciBridge4:3
2023-09-16T03:02:19.406Z In(05) vmx   restoring pciBridge4:4
2023-09-16T03:02:19.406Z In(05) vmx   restoring pciBridge4:5
2023-09-16T03:02:19.406Z In(05) vmx   restoring pciBridge4:6
2023-09-16T03:02:19.406Z In(05) vmx   restoring pciBridge4:7
2023-09-16T03:02:19.406Z In(05) vmx   restoring PCIBridge5
2023-09-16T03:02:19.406Z In(05) vmx   restoring pciBridge5:1
2023-09-16T03:02:19.406Z In(05) vmx   restoring pciBridge5:2
2023-09-16T03:02:19.406Z In(05) vmx   restoring pciBridge5:3
2023-09-16T03:02:19.406Z In(05) vmx   restoring pciBridge5:4
2023-09-16T03:02:19.406Z In(05) vmx   restoring pciBridge5:5
2023-09-16T03:02:19.406Z In(05) vmx   restoring pciBridge5:6
2023-09-16T03:02:19.406Z In(05) vmx   restoring pciBridge5:7
2023-09-16T03:02:19.406Z In(05) vmx   restoring PCIBridge6
2023-09-16T03:02:19.406Z In(05) vmx   restoring pciBridge6:1
2023-09-16T03:02:19.406Z In(05) vmx   restoring pciBridge6:2
2023-09-16T03:02:19.406Z In(05) vmx   restoring pciBridge6:3
2023-09-16T03:02:19.406Z In(05) vmx   restoring pciBridge6:4
2023-09-16T03:02:19.406Z In(05) vmx   restoring pciBridge6:5
2023-09-16T03:02:19.406Z In(05) vmx   restoring pciBridge6:6
2023-09-16T03:02:19.406Z In(05) vmx   restoring pciBridge6:7
2023-09-16T03:02:19.406Z In(05) vmx   restoring PCIBridge7
2023-09-16T03:02:19.406Z In(05) vmx   restoring pciBridge7:1
2023-09-16T03:02:19.406Z In(05) vmx   restoring pciBridge7:2
2023-09-16T03:02:19.406Z In(05) vmx   restoring pciBridge7:3
2023-09-16T03:02:19.406Z In(05) vmx   restoring pciBridge7:4
2023-09-16T03:02:19.406Z In(05) vmx   restoring pciBridge7:5
2023-09-16T03:02:19.406Z In(05) vmx   restoring pciBridge7:6
2023-09-16T03:02:19.406Z In(05) vmx   restoring pciBridge7:7
2023-09-16T03:02:19.406Z In(05) vmx   restoring Migrate
2023-09-16T03:02:19.406Z In(05) vmx   restoring vide
2023-09-16T03:02:19.406Z In(05) vmx DUMPER: Block item 'monbuf' [0, -1] not found.
2023-09-16T03:02:19.406Z In(05) vmx DUMPER: Block item 'monbuf' [1, -1] not found.
2023-09-16T03:02:19.406Z In(05) vmx   restoring VGA
2023-09-16T03:02:19.407Z In(05) vmx   restoring SVGA
2023-09-16T03:02:19.407Z In(05) vmx SVGA: Guest reported SVGA driver: (0, 0, 0, 0)
2023-09-16T03:02:19.407Z In(05) vmx SVGA-GFB: Allocated gfbSize=134217728
2023-09-16T03:02:19.408Z No(00) vmx ConfigDB: Setting vmotion.checkpointFBSize = "134217728"
2023-09-16T03:02:19.408Z No(00) vmx ConfigDB: Setting vmotion.checkpointSVGAPrimarySize = "268435456"
2023-09-16T03:02:19.553Z In(05) vmx Progress 97% (none)
2023-09-16T03:02:19.583Z In(05) vmx Progress 98% (none)
2023-09-16T03:02:19.613Z In(05) vmx Progress 99% (none)
2023-09-16T03:02:19.635Z In(05) vmx SVGA3dCaps: guest, saved in checkpoint
2023-09-16T03:02:19.635Z In(05) vmx   cap[  0]: 0x00000001 (3D)
2023-09-16T03:02:19.635Z In(05) vmx   cap[  1]: 0x00000008 (MAX_LIGHTS)
2023-09-16T03:02:19.635Z In(05) vmx   cap[  2]: 0x00000008 (MAX_TEXTURES)
2023-09-16T03:02:19.635Z In(05) vmx   cap[  3]: 0x00000008 (MAX_CLIP_PLANES)
2023-09-16T03:02:19.635Z In(05) vmx   cap[  4]: 0x00000007 (VERTEX_SHADER_VERSION)
2023-09-16T03:02:19.635Z In(05) vmx   cap[  5]: 0x00000001 (VERTEX_SHADER)
2023-09-16T03:02:19.635Z In(05) vmx   cap[  6]: 0x0000000d (FRAGMENT_SHADER_VERSION)
2023-09-16T03:02:19.635Z In(05) vmx   cap[  7]: 0x00000001 (FRAGMENT_SHADER)
2023-09-16T03:02:19.635Z In(05) vmx   cap[  8]: 0x00000008 (MAX_RENDER_TARGETS)
2023-09-16T03:02:19.635Z In(05) vmx   cap[  9]: 0x00000001 (S23E8_TEXTURES)
2023-09-16T03:02:19.636Z In(05) vmx   cap[ 10]: 0x00000001 (S10E5_TEXTURES)
2023-09-16T03:02:19.636Z In(05) vmx   cap[ 11]: 0x00000004 (MAX_FIXED_VERTEXBLEND)
2023-09-16T03:02:19.636Z In(05) vmx   cap[ 12]: 0x00000001 (D16_BUFFER_FORMAT)
2023-09-16T03:02:19.636Z In(05) vmx   cap[ 13]: 0x00000001 (D24S8_BUFFER_FORMAT)
2023-09-16T03:02:19.636Z In(05) vmx   cap[ 14]: 0x00000001 (D24X8_BUFFER_FORMAT)
2023-09-16T03:02:19.636Z In(05) vmx   cap[ 15]: 0x00000001 (QUERY_TYPES)
2023-09-16T03:02:19.636Z In(05) vmx   cap[ 16]: 0x00000001 (TEXTURE_GRADIENT_SAMPLING)
2023-09-16T03:02:19.636Z In(05) vmx   cap[ 17]:   1.000000 (MAX_POINT_SIZE)
2023-09-16T03:02:19.636Z In(05) vmx   cap[ 18]: 0x00000014 (MAX_SHADER_TEXTURES)
2023-09-16T03:02:19.636Z In(05) vmx   cap[ 19]: 0x00004000 (MAX_TEXTURE_WIDTH)
2023-09-16T03:02:19.636Z In(05) vmx   cap[ 20]: 0x00004000 (MAX_TEXTURE_HEIGHT)
2023-09-16T03:02:19.636Z In(05) vmx   cap[ 21]: 0x00000800 (MAX_VOLUME_EXTENT)
2023-09-16T03:02:19.636Z In(05) vmx   cap[ 22]: 0x00004000 (MAX_TEXTURE_REPEAT)
2023-09-16T03:02:19.636Z In(05) vmx   cap[ 23]: 0x00004000 (MAX_TEXTURE_ASPECT_RATIO)
2023-09-16T03:02:19.636Z In(05) vmx   cap[ 24]: 0x00000010 (MAX_TEXTURE_ANISOTROPY)
2023-09-16T03:02:19.636Z In(05) vmx   cap[ 25]: 0x001fffff (MAX_PRIMITIVE_COUNT)
2023-09-16T03:02:19.636Z In(05) vmx   cap[ 26]: 0x000fffff (MAX_VERTEX_INDEX)
2023-09-16T03:02:19.636Z In(05) vmx   cap[ 27]: 0x0000ffff (MAX_VERTEX_SHADER_INSTRUCTIONS)
2023-09-16T03:02:19.636Z In(05) vmx   cap[ 28]: 0x0000ffff (MAX_FRAGMENT_SHADER_INSTRUCTIONS)
2023-09-16T03:02:19.636Z In(05) vmx   cap[ 29]: 0x00000020 (MAX_VERTEX_SHADER_TEMPS)
2023-09-16T03:02:19.636Z In(05) vmx   cap[ 30]: 0x00000020 (MAX_FRAGMENT_SHADER_TEMPS)
2023-09-16T03:02:19.636Z In(05) vmx   cap[ 31]: 0x03ffffff (TEXTURE_OPS)
2023-09-16T03:02:19.636Z In(05) vmx   cap[ 32]: 0x0018ec1f (SURFACEFMT_X8R8G8B8)
2023-09-16T03:02:19.636Z In(05) vmx   cap[ 33]: 0x0018e11f (SURFACEFMT_A8R8G8B8)
2023-09-16T03:02:19.636Z In(05) vmx   cap[ 34]: 0x0008601f (SURFACEFMT_A2R10G10B10)
2023-09-16T03:02:19.636Z In(05) vmx   cap[ 35]: 0x0008601f (SURFACEFMT_X1R5G5B5)
2023-09-16T03:02:19.636Z In(05) vmx   cap[ 36]: 0x0008611f (SURFACEFMT_A1R5G5B5)
2023-09-16T03:02:19.636Z In(05) vmx   cap[ 37]: 0x0000611f (SURFACEFMT_A4R4G4B4)
2023-09-16T03:02:19.636Z In(05) vmx   cap[ 38]: 0x0018ec1f (SURFACEFMT_R5G6B5)
2023-09-16T03:02:19.636Z In(05) vmx   cap[ 39]: 0x0000601f (SURFACEFMT_LUMINANCE16)
2023-09-16T03:02:19.636Z In(05) vmx   cap[ 40]: 0x00006007 (SURFACEFMT_LUMINANCE8_ALPHA8)
2023-09-16T03:02:19.636Z In(05) vmx   cap[ 41]: 0x0000601f (SURFACEFMT_ALPHA8)
2023-09-16T03:02:19.636Z In(05) vmx   cap[ 42]: 0x0000601f (SURFACEFMT_LUMINANCE8)
2023-09-16T03:02:19.636Z In(05) vmx   cap[ 43]: 0x000040c5 (SURFACEFMT_Z_D16)
2023-09-16T03:02:19.636Z In(05) vmx   cap[ 44]: 0x000040c5 (SURFACEFMT_Z_D24S8)
2023-09-16T03:02:19.636Z In(05) vmx   cap[ 45]: 0x000040c5 (SURFACEFMT_Z_D24X8)
2023-09-16T03:02:19.636Z In(05) vmx   cap[ 46]: 0x0000e005 (SURFACEFMT_DXT1)
2023-09-16T03:02:19.636Z In(05) vmx   cap[ 47]: 0x0000e005 (SURFACEFMT_DXT2)
2023-09-16T03:02:19.636Z In(05) vmx   cap[ 48]: 0x0000e005 (SURFACEFMT_DXT3)
2023-09-16T03:02:19.636Z In(05) vmx   cap[ 49]: 0x0000e005 (SURFACEFMT_DXT4)
2023-09-16T03:02:19.636Z In(05) vmx   cap[ 50]: 0x0000e005 (SURFACEFMT_DXT5)
2023-09-16T03:02:19.636Z In(05) vmx   cap[ 51]: 0x00014005 (SURFACEFMT_BUMPX8L8V8U8)
2023-09-16T03:02:19.636Z In(05) vmx   cap[ 52]: 0x00014007 (SURFACEFMT_A2W10V10U10)
2023-09-16T03:02:19.636Z In(05) vmx   cap[ 53]: 0x00014007 (SURFACEFMT_BUMPU8V8)
2023-09-16T03:02:19.636Z In(05) vmx   cap[ 54]: 0x00014005 (SURFACEFMT_Q8W8V8U8)
2023-09-16T03:02:19.636Z In(05) vmx   cap[ 55]: 0x00014001 (SURFACEFMT_CxV8U8)
2023-09-16T03:02:19.636Z In(05) vmx   cap[ 56]: 0x0080601f (SURFACEFMT_R_S10E5)
2023-09-16T03:02:19.636Z In(05) vmx   cap[ 57]: 0x0080601f (SURFACEFMT_R_S23E8)
2023-09-16T03:02:19.636Z In(05) vmx   cap[ 58]: 0x0080601f (SURFACEFMT_RG_S10E5)
2023-09-16T03:02:19.636Z In(05) vmx   cap[ 59]: 0x0080601f (SURFACEFMT_RG_S23E8)
2023-09-16T03:02:19.636Z In(05) vmx   cap[ 60]: 0x0080601f (SURFACEFMT_ARGB_S10E5)
2023-09-16T03:02:19.636Z In(05) vmx   cap[ 61]: 0x0080601f (SURFACEFMT_ARGB_S23E8)
2023-09-16T03:02:19.636Z In(05) vmx   cap[ 62]: 0x00000000 (MISSING62)
2023-09-16T03:02:19.636Z In(05) vmx   cap[ 63]: 0x00000004 (MAX_VERTEX_SHADER_TEXTURES)
2023-09-16T03:02:19.636Z In(05) vmx   cap[ 64]: 0x00000008 (MAX_SIMULTANEOUS_RENDER_TARGETS)
2023-09-16T03:02:19.636Z In(05) vmx   cap[ 65]: 0x00014007 (SURFACEFMT_V16U16)
2023-09-16T03:02:19.636Z In(05) vmx   cap[ 66]: 0x0000601f (SURFACEFMT_G16R16)
2023-09-16T03:02:19.636Z In(05) vmx   cap[ 67]: 0x0000601f (SURFACEFMT_A16B16G16R16)
2023-09-16T03:02:19.636Z In(05) vmx   cap[ 68]: 0x01246000 (SURFACEFMT_UYVY)
2023-09-16T03:02:19.636Z In(05) vmx   cap[ 69]: 0x01246000 (SURFACEFMT_YUY2)
2023-09-16T03:02:19.636Z In(05) vmx   cap[ 70]: 0x00000000 (DEAD4)
2023-09-16T03:02:19.636Z In(05) vmx   cap[ 71]: 0x00000000 (DEAD5)
2023-09-16T03:02:19.637Z In(05) vmx   cap[ 72]: 0x00000000 (DEAD7)
2023-09-16T03:02:19.637Z In(05) vmx   cap[ 73]: 0x00000000 (DEAD6)
2023-09-16T03:02:19.637Z In(05) vmx   cap[ 74]: 0x00000001 (AUTOGENMIPMAPS)
2023-09-16T03:02:19.637Z In(05) vmx   cap[ 75]: 0x01246000 (SURFACEFMT_NV12)
2023-09-16T03:02:19.637Z In(05) vmx   cap[ 76]: 0x00000000 (DEAD10)
2023-09-16T03:02:19.637Z In(05) vmx   cap[ 77]: 0x00000100 (MAX_CONTEXT_IDS)
2023-09-16T03:02:19.637Z In(05) vmx   cap[ 78]: 0x00008000 (MAX_SURFACE_IDS)
2023-09-16T03:02:19.637Z In(05) vmx   cap[ 79]: 0x000040c5 (SURFACEFMT_Z_DF16)
2023-09-16T03:02:19.637Z In(05) vmx   cap[ 80]: 0x000040c5 (SURFACEFMT_Z_DF24)
2023-09-16T03:02:19.637Z In(05) vmx   cap[ 81]: 0x000040c5 (SURFACEFMT_Z_D24S8_INT)
2023-09-16T03:02:19.637Z In(05) vmx   cap[ 82]: 0x00006005 (SURFACEFMT_ATI1)
2023-09-16T03:02:19.637Z In(05) vmx   cap[ 83]: 0x00006005 (SURFACEFMT_ATI2)
2023-09-16T03:02:19.637Z In(05) vmx   cap[ 84]: 0x00000000 (DEAD1)
2023-09-16T03:02:19.637Z In(05) vmx   cap[ 85]: 0x00000000 (DEAD8)
2023-09-16T03:02:19.637Z In(05) vmx   cap[ 86]: 0x00000000 (DEAD9)
2023-09-16T03:02:19.637Z In(05) vmx   cap[ 87]: 0x00000001 (LINE_AA)
2023-09-16T03:02:19.637Z In(05) vmx   cap[ 88]: 0x00000000 (LINE_STIPPLE)
2023-09-16T03:02:19.637Z In(05) vmx   cap[ 89]:  10.000000 (MAX_LINE_WIDTH)
2023-09-16T03:02:19.637Z In(05) vmx   cap[ 90]:  10.000000 (MAX_AA_LINE_WIDTH)
2023-09-16T03:02:19.637Z In(05) vmx   cap[ 91]: 0x01246000 (SURFACEFMT_YV12)
2023-09-16T03:02:19.637Z In(05) vmx   cap[ 92]: 0x00000000 (DEAD3)
2023-09-16T03:02:19.637Z In(05) vmx   cap[ 93]: 0x00000001 (TS_COLOR_KEY)
2023-09-16T03:02:19.637Z In(05) vmx   cap[ 94]: 0x00000000 (DEAD2)
2023-09-16T03:02:19.637Z In(05) vmx   cap[ 95]: 0x00000001 (DXCONTEXT)
2023-09-16T03:02:19.637Z In(05) vmx   cap[ 96]: 0x00000000 (DEAD11)
2023-09-16T03:02:19.637Z In(05) vmx   cap[ 97]: 0x00000010 (DX_MAX_VERTEXBUFFERS)
2023-09-16T03:02:19.637Z In(05) vmx   cap[ 98]: 0x0000000f (DX_MAX_CONSTANT_BUFFERS)
2023-09-16T03:02:19.637Z In(05) vmx   cap[ 99]: 0x00000000 (DX_PROVOKING_VERTEX)
2023-09-16T03:02:19.637Z In(05) vmx   cap[100]: 0x000002f7 (DXFMT_X8R8G8B8)
2023-09-16T03:02:19.637Z In(05) vmx   cap[101]: 0x000003f7 (DXFMT_A8R8G8B8)
2023-09-16T03:02:19.637Z In(05) vmx   cap[102]: 0x000002f7 (DXFMT_R5G6B5)
2023-09-16T03:02:19.637Z In(05) vmx   cap[103]: 0x000000f7 (DXFMT_X1R5G5B5)
2023-09-16T03:02:19.637Z In(05) vmx   cap[104]: 0x000000f7 (DXFMT_A1R5G5B5)
2023-09-16T03:02:19.637Z In(05) vmx   cap[105]: 0x000000f7 (DXFMT_A4R4G4B4)
2023-09-16T03:02:19.637Z In(05) vmx   cap[106]: 0x00000009 (DXFMT_Z_D32)
2023-09-16T03:02:19.637Z In(05) vmx   cap[107]: 0x0000026b (DXFMT_Z_D16)
2023-09-16T03:02:19.637Z In(05) vmx   cap[108]: 0x0000026b (DXFMT_Z_D24S8)
2023-09-16T03:02:19.637Z In(05) vmx   cap[109]: 0x0000000b (DXFMT_Z_D15S1)
2023-09-16T03:02:19.637Z In(05) vmx   cap[110]: 0x000000f7 (DXFMT_LUMINANCE8)
2023-09-16T03:02:19.637Z In(05) vmx   cap[111]: 0x000000e3 (DXFMT_LUMINANCE4_ALPHA4)
2023-09-16T03:02:19.637Z In(05) vmx   cap[112]: 0x000000f7 (DXFMT_LUMINANCE16)
2023-09-16T03:02:19.637Z In(05) vmx   cap[113]: 0x000000e3 (DXFMT_LUMINANCE8_ALPHA8)
2023-09-16T03:02:19.637Z In(05) vmx   cap[114]: 0x00000063 (DXFMT_DXT1)
2023-09-16T03:02:19.637Z In(05) vmx   cap[115]: 0x00000063 (DXFMT_DXT2)
2023-09-16T03:02:19.637Z In(05) vmx   cap[116]: 0x00000063 (DXFMT_DXT3)
2023-09-16T03:02:19.637Z In(05) vmx   cap[117]: 0x00000063 (DXFMT_DXT4)
2023-09-16T03:02:19.637Z In(05) vmx   cap[118]: 0x00000063 (DXFMT_DXT5)
2023-09-16T03:02:19.637Z In(05) vmx   cap[119]: 0x000000e3 (DXFMT_BUMPU8V8)
2023-09-16T03:02:19.637Z In(05) vmx   cap[120]: 0x00000000 (DXFMT_BUMPL6V5U5)
2023-09-16T03:02:19.637Z In(05) vmx   cap[121]: 0x00000063 (DXFMT_BUMPX8L8V8U8)
2023-09-16T03:02:19.637Z In(05) vmx   cap[122]: 0x00000000 (DXFMT_FORMAT_DEAD1)
2023-09-16T03:02:19.637Z In(05) vmx   cap[123]: 0x000003f7 (DXFMT_ARGB_S10E5)
2023-09-16T03:02:19.637Z In(05) vmx   cap[124]: 0x000003f7 (DXFMT_ARGB_S23E8)
2023-09-16T03:02:19.637Z In(05) vmx   cap[125]: 0x000003f7 (DXFMT_A2R10G10B10)
2023-09-16T03:02:19.637Z In(05) vmx   cap[126]: 0x000000e3 (DXFMT_V8U8)
2023-09-16T03:02:19.637Z In(05) vmx   cap[127]: 0x00000063 (DXFMT_Q8W8V8U8)
2023-09-16T03:02:19.637Z In(05) vmx   cap[128]: 0x00000063 (DXFMT_CxV8U8)
2023-09-16T03:02:19.637Z In(05) vmx   cap[129]: 0x000000e3 (DXFMT_X8L8V8U8)
2023-09-16T03:02:19.637Z In(05) vmx   cap[130]: 0x000000e3 (DXFMT_A2W10V10U10)
2023-09-16T03:02:19.637Z In(05) vmx   cap[131]: 0x000000f7 (DXFMT_ALPHA8)
2023-09-16T03:02:19.637Z In(05) vmx   cap[132]: 0x000003f7 (DXFMT_R_S10E5)
2023-09-16T03:02:19.637Z In(05) vmx   cap[133]: 0x000003f7 (DXFMT_R_S23E8)
2023-09-16T03:02:19.637Z In(05) vmx   cap[134]: 0x000003f7 (DXFMT_RG_S10E5)
2023-09-16T03:02:19.637Z In(05) vmx   cap[135]: 0x000003f7 (DXFMT_RG_S23E8)
2023-09-16T03:02:19.637Z In(05) vmx   cap[136]: 0x00000001 (DXFMT_BUFFER)
2023-09-16T03:02:19.637Z In(05) vmx   cap[137]: 0x0000026b (DXFMT_Z_D24X8)
2023-09-16T03:02:19.637Z In(05) vmx   cap[138]: 0x000001e3 (DXFMT_V16U16)
2023-09-16T03:02:19.637Z In(05) vmx   cap[139]: 0x000003f7 (DXFMT_G16R16)
2023-09-16T03:02:19.637Z In(05) vmx   cap[140]: 0x000001f7 (DXFMT_A16B16G16R16)
2023-09-16T03:02:19.637Z In(05) vmx   cap[141]: 0x00000001 (DXFMT_UYVY)
2023-09-16T03:02:19.638Z In(05) vmx   cap[142]: 0x00000041 (DXFMT_YUY2)
2023-09-16T03:02:19.638Z In(05) vmx   cap[143]: 0x00000041 (DXFMT_NV12)
2023-09-16T03:02:19.638Z In(05) vmx   cap[144]: 0x00000000 (DXFMT_FORMAT_DEAD2)
2023-09-16T03:02:19.638Z In(05) vmx   cap[145]: 0x000002e1 (DXFMT_R32G32B32A32_TYPELESS)
2023-09-16T03:02:19.638Z In(05) vmx   cap[146]: 0x000003e7 (DXFMT_R32G32B32A32_UINT)
2023-09-16T03:02:19.638Z In(05) vmx   cap[147]: 0x000003e7 (DXFMT_R32G32B32A32_SINT)
2023-09-16T03:02:19.638Z In(05) vmx   cap[148]: 0x000000e1 (DXFMT_R32G32B32_TYPELESS)
2023-09-16T03:02:19.638Z In(05) vmx   cap[149]: 0x000001e3 (DXFMT_R32G32B32_FLOAT)
2023-09-16T03:02:19.638Z In(05) vmx   cap[150]: 0x000001e3 (DXFMT_R32G32B32_UINT)
2023-09-16T03:02:19.638Z In(05) vmx   cap[151]: 0x000001e3 (DXFMT_R32G32B32_SINT)
2023-09-16T03:02:19.638Z In(05) vmx   cap[152]: 0x000002e1 (DXFMT_R16G16B16A16_TYPELESS)
2023-09-16T03:02:19.638Z In(05) vmx   cap[153]: 0x000003e7 (DXFMT_R16G16B16A16_UINT)
2023-09-16T03:02:19.638Z In(05) vmx   cap[154]: 0x000003f7 (DXFMT_R16G16B16A16_SNORM)
2023-09-16T03:02:19.638Z In(05) vmx   cap[155]: 0x000003e7 (DXFMT_R16G16B16A16_SINT)
2023-09-16T03:02:19.638Z In(05) vmx   cap[156]: 0x000002e1 (DXFMT_R32G32_TYPELESS)
2023-09-16T03:02:19.638Z In(05) vmx   cap[157]: 0x000003e7 (DXFMT_R32G32_UINT)
2023-09-16T03:02:19.638Z In(05) vmx   cap[158]: 0x000003e7 (DXFMT_R32G32_SINT)
2023-09-16T03:02:19.638Z In(05) vmx   cap[159]: 0x00000261 (DXFMT_R32G8X24_TYPELESS)
2023-09-16T03:02:19.638Z In(05) vmx   cap[160]: 0x00000269 (DXFMT_D32_FLOAT_S8X24_UINT)
2023-09-16T03:02:19.638Z In(05) vmx   cap[161]: 0x00000063 (DXFMT_R32_FLOAT_X8X24)
2023-09-16T03:02:19.638Z In(05) vmx   cap[162]: 0x00000063 (DXFMT_X32_G8X24_UINT)
2023-09-16T03:02:19.638Z In(05) vmx   cap[163]: 0x000002e1 (DXFMT_R10G10B10A2_TYPELESS)
2023-09-16T03:02:19.638Z In(05) vmx   cap[164]: 0x000003e7 (DXFMT_R10G10B10A2_UINT)
2023-09-16T03:02:19.638Z In(05) vmx   cap[165]: 0x000003f7 (DXFMT_R11G11B10_FLOAT)
2023-09-16T03:02:19.638Z In(05) vmx   cap[166]: 0x000002e1 (DXFMT_R8G8B8A8_TYPELESS)
2023-09-16T03:02:19.638Z In(05) vmx   cap[167]: 0x000003f7 (DXFMT_R8G8B8A8_UNORM)
2023-09-16T03:02:19.638Z In(05) vmx   cap[168]: 0x000002f7 (DXFMT_R8G8B8A8_UNORM_SRGB)
2023-09-16T03:02:19.638Z In(05) vmx   cap[169]: 0x000003e7 (DXFMT_R8G8B8A8_UINT)
2023-09-16T03:02:19.638Z In(05) vmx   cap[170]: 0x000003e7 (DXFMT_R8G8B8A8_SINT)
2023-09-16T03:02:19.638Z In(05) vmx   cap[171]: 0x000002e1 (DXFMT_R16G16_TYPELESS)
2023-09-16T03:02:19.638Z In(05) vmx   cap[172]: 0x000003e7 (DXFMT_R16G16_UINT)
2023-09-16T03:02:19.638Z In(05) vmx   cap[173]: 0x000003e7 (DXFMT_R16G16_SINT)
2023-09-16T03:02:19.638Z In(05) vmx   cap[174]: 0x000002e1 (DXFMT_R32_TYPELESS)
2023-09-16T03:02:19.638Z In(05) vmx   cap[175]: 0x00000269 (DXFMT_D32_FLOAT)
2023-09-16T03:02:19.638Z In(05) vmx   cap[176]: 0x000003e7 (DXFMT_R32_UINT)
2023-09-16T03:02:19.638Z In(05) vmx   cap[177]: 0x000003e7 (DXFMT_R32_SINT)
2023-09-16T03:02:19.638Z In(05) vmx   cap[178]: 0x00000261 (DXFMT_R24G8_TYPELESS)
2023-09-16T03:02:19.638Z In(05) vmx   cap[179]: 0x00000269 (DXFMT_D24_UNORM_S8_UINT)
2023-09-16T03:02:19.638Z In(05) vmx   cap[180]: 0x00000063 (DXFMT_R24_UNORM_X8)
2023-09-16T03:02:19.638Z In(05) vmx   cap[181]: 0x00000063 (DXFMT_X24_G8_UINT)
2023-09-16T03:02:19.638Z In(05) vmx   cap[182]: 0x000002e1 (DXFMT_R8G8_TYPELESS)
2023-09-16T03:02:19.638Z In(05) vmx   cap[183]: 0x000003f7 (DXFMT_R8G8_UNORM)
2023-09-16T03:02:19.638Z In(05) vmx   cap[184]: 0x000003e7 (DXFMT_R8G8_UINT)
2023-09-16T03:02:19.638Z In(05) vmx   cap[185]: 0x000003e7 (DXFMT_R8G8_SINT)
2023-09-16T03:02:19.638Z In(05) vmx   cap[186]: 0x000002e1 (DXFMT_R16_TYPELESS)
2023-09-16T03:02:19.638Z In(05) vmx   cap[187]: 0x000003f7 (DXFMT_R16_UNORM)
2023-09-16T03:02:19.638Z In(05) vmx   cap[188]: 0x000003e7 (DXFMT_R16_UINT)
2023-09-16T03:02:19.638Z In(05) vmx   cap[189]: 0x000003f7 (DXFMT_R16_SNORM)
2023-09-16T03:02:19.638Z In(05) vmx   cap[190]: 0x000003e7 (DXFMT_R16_SINT)
2023-09-16T03:02:19.638Z In(05) vmx   cap[191]: 0x000002e1 (DXFMT_R8_TYPELESS)
2023-09-16T03:02:19.638Z In(05) vmx   cap[192]: 0x000003f7 (DXFMT_R8_UNORM)
2023-09-16T03:02:19.638Z In(05) vmx   cap[193]: 0x000003e7 (DXFMT_R8_UINT)
2023-09-16T03:02:19.638Z In(05) vmx   cap[194]: 0x000003f7 (DXFMT_R8_SNORM)
2023-09-16T03:02:19.638Z In(05) vmx   cap[195]: 0x000003e7 (DXFMT_R8_SINT)
2023-09-16T03:02:19.638Z In(05) vmx   cap[196]: 0x00000001 (DXFMT_P8)
2023-09-16T03:02:19.638Z In(05) vmx   cap[197]: 0x000000e3 (DXFMT_R9G9B9E5_SHAREDEXP)
2023-09-16T03:02:19.638Z In(05) vmx   cap[198]: 0x000000e3 (DXFMT_R8G8_B8G8_UNORM)
2023-09-16T03:02:19.638Z In(05) vmx   cap[199]: 0x000000e3 (DXFMT_G8R8_G8B8_UNORM)
2023-09-16T03:02:19.638Z In(05) vmx   cap[200]: 0x000000e1 (DXFMT_BC1_TYPELESS)
2023-09-16T03:02:19.638Z In(05) vmx   cap[201]: 0x000000e3 (DXFMT_BC1_UNORM_SRGB)
2023-09-16T03:02:19.638Z In(05) vmx   cap[202]: 0x000000e1 (DXFMT_BC2_TYPELESS)
2023-09-16T03:02:19.638Z In(05) vmx   cap[203]: 0x000000e3 (DXFMT_BC2_UNORM_SRGB)
2023-09-16T03:02:19.638Z In(05) vmx   cap[204]: 0x000000e1 (DXFMT_BC3_TYPELESS)
2023-09-16T03:02:19.638Z In(05) vmx   cap[205]: 0x000000e3 (DXFMT_BC3_UNORM_SRGB)
2023-09-16T03:02:19.638Z In(05) vmx   cap[206]: 0x000000e1 (DXFMT_BC4_TYPELESS)
2023-09-16T03:02:19.638Z In(05) vmx   cap[207]: 0x00000063 (DXFMT_ATI1)
2023-09-16T03:02:19.638Z In(05) vmx   cap[208]: 0x000000e3 (DXFMT_BC4_SNORM)
2023-09-16T03:02:19.638Z In(05) vmx   cap[209]: 0x000000e1 (DXFMT_BC5_TYPELESS)
2023-09-16T03:02:19.639Z In(05) vmx   cap[210]: 0x00000063 (DXFMT_ATI2)
2023-09-16T03:02:19.639Z In(05) vmx   cap[211]: 0x000000e3 (DXFMT_BC5_SNORM)
2023-09-16T03:02:19.639Z In(05) vmx   cap[212]: 0x00000045 (DXFMT_R10G10B10_XR_BIAS_A2_UNORM)
2023-09-16T03:02:19.639Z In(05) vmx   cap[213]: 0x000002e1 (DXFMT_B8G8R8A8_TYPELESS)
2023-09-16T03:02:19.639Z In(05) vmx   cap[214]: 0x000002f7 (DXFMT_B8G8R8A8_UNORM_SRGB)
2023-09-16T03:02:19.639Z In(05) vmx   cap[215]: 0x000002e1 (DXFMT_B8G8R8X8_TYPELESS)
2023-09-16T03:02:19.639Z In(05) vmx   cap[216]: 0x000002f7 (DXFMT_B8G8R8X8_UNORM_SRGB)
2023-09-16T03:02:19.639Z In(05) vmx   cap[217]: 0x0000006b (DXFMT_Z_DF16)
2023-09-16T03:02:19.639Z In(05) vmx   cap[218]: 0x0000006b (DXFMT_Z_DF24)
2023-09-16T03:02:19.639Z In(05) vmx   cap[219]: 0x0000006b (DXFMT_Z_D24S8_INT)
2023-09-16T03:02:19.639Z In(05) vmx   cap[220]: 0x00000001 (DXFMT_YV12)
2023-09-16T03:02:19.639Z In(05) vmx   cap[221]: 0x000003f7 (DXFMT_R32G32B32A32_FLOAT)
2023-09-16T03:02:19.639Z In(05) vmx   cap[222]: 0x000003f7 (DXFMT_R16G16B16A16_FLOAT)
2023-09-16T03:02:19.639Z In(05) vmx   cap[223]: 0x000003f7 (DXFMT_R16G16B16A16_UNORM)
2023-09-16T03:02:19.639Z In(05) vmx   cap[224]: 0x000003f7 (DXFMT_R32G32_FLOAT)
2023-09-16T03:02:19.639Z In(05) vmx   cap[225]: 0x000003f7 (DXFMT_R10G10B10A2_UNORM)
2023-09-16T03:02:19.639Z In(05) vmx   cap[226]: 0x000003f7 (DXFMT_R8G8B8A8_SNORM)
2023-09-16T03:02:19.639Z In(05) vmx   cap[227]: 0x000003f7 (DXFMT_R16G16_FLOAT)
2023-09-16T03:02:19.639Z In(05) vmx   cap[228]: 0x000003f7 (DXFMT_R16G16_UNORM)
2023-09-16T03:02:19.639Z In(05) vmx   cap[229]: 0x000003f7 (DXFMT_R16G16_SNORM)
2023-09-16T03:02:19.639Z In(05) vmx   cap[230]: 0x000003f7 (DXFMT_R32_FLOAT)
2023-09-16T03:02:19.639Z In(05) vmx   cap[231]: 0x000003f7 (DXFMT_R8G8_SNORM)
2023-09-16T03:02:19.639Z In(05) vmx   cap[232]: 0x000003f7 (DXFMT_R16_FLOAT)
2023-09-16T03:02:19.639Z In(05) vmx   cap[233]: 0x00000269 (DXFMT_D16_UNORM)
2023-09-16T03:02:19.639Z In(05) vmx   cap[234]: 0x000002f7 (DXFMT_A8_UNORM)
2023-09-16T03:02:19.639Z In(05) vmx   cap[235]: 0x000000e3 (DXFMT_BC1_UNORM)
2023-09-16T03:02:19.639Z In(05) vmx   cap[236]: 0x000000e3 (DXFMT_BC2_UNORM)
2023-09-16T03:02:19.639Z In(05) vmx   cap[237]: 0x000000e3 (DXFMT_BC3_UNORM)
2023-09-16T03:02:19.639Z In(05) vmx   cap[238]: 0x000002f7 (DXFMT_B5G6R5_UNORM)
2023-09-16T03:02:19.639Z In(05) vmx   cap[239]: 0x000002f7 (DXFMT_B5G5R5A1_UNORM)
2023-09-16T03:02:19.639Z In(05) vmx   cap[240]: 0x000003f7 (DXFMT_B8G8R8A8_UNORM)
2023-09-16T03:02:19.639Z In(05) vmx   cap[241]: 0x000003f7 (DXFMT_B8G8R8X8_UNORM)
2023-09-16T03:02:19.639Z In(05) vmx   cap[242]: 0x000000e3 (DXFMT_BC4_UNORM)
2023-09-16T03:02:19.639Z In(05) vmx   cap[243]: 0x000000e3 (DXFMT_BC5_UNORM)
2023-09-16T03:02:19.639Z In(05) vmx   cap[244]: 0x00000001 (SM41)
2023-09-16T03:02:19.639Z In(05) vmx   cap[245]: 0x00000001 (MULTISAMPLE_2X)
2023-09-16T03:02:19.639Z In(05) vmx   cap[246]: 0x00000001 (MULTISAMPLE_4X)
2023-09-16T03:02:19.639Z In(05) vmx   cap[247]: 0x00000001 (MS_FULL_QUALITY)
2023-09-16T03:02:19.639Z In(05) vmx   cap[248]: 0x00000001 (LOGICOPS)
2023-09-16T03:02:19.639Z In(05) vmx   cap[249]: 0x00000000 (LOGIC_BLENDOPS)
2023-09-16T03:02:19.639Z In(05) vmx   cap[250]: 0x00000000 (DEAD12)
2023-09-16T03:02:19.639Z In(05) vmx   cap[251]: 0x000000e1 (DXFMT_BC6H_TYPELESS)
2023-09-16T03:02:19.639Z In(05) vmx   cap[252]: 0x000000e3 (DXFMT_BC6H_UF16)
2023-09-16T03:02:19.639Z In(05) vmx   cap[253]: 0x000000e3 (DXFMT_BC6H_SF16)
2023-09-16T03:02:19.639Z In(05) vmx   cap[254]: 0x000000e1 (DXFMT_BC7_TYPELESS)
2023-09-16T03:02:19.639Z In(05) vmx   cap[255]: 0x000000e3 (DXFMT_BC7_UNORM)
2023-09-16T03:02:19.639Z In(05) vmx   cap[256]: 0x000000e3 (DXFMT_BC7_UNORM_SRGB)
2023-09-16T03:02:19.639Z In(05) vmx   cap[257]: 0x00000000 (DEAD13)
2023-09-16T03:02:19.639Z In(05) vmx   cap[258]: 0x00000001 (SM5)
2023-09-16T03:02:19.639Z In(05) vmx   cap[259]: 0x00000001 (MULTISAMPLE_8X)
2023-09-16T03:02:19.639Z In(05) vmx   cap[260]: 0x00000010 (MAX_FORCED_SAMPLE_COUNT)
2023-09-16T03:02:19.639Z In(05) vmx   cap[261]: 0x00000001 (GL43)
2023-09-16T03:02:19.639Z In(05) vmx SVGA3dCaps: guest, at resume
2023-09-16T03:02:19.639Z In(05) vmx   cap[  0]: 0x00000001 (3D)
2023-09-16T03:02:19.639Z In(05) vmx   cap[  1]: 0x00000008 (MAX_LIGHTS)
2023-09-16T03:02:19.639Z In(05) vmx   cap[  2]: 0x00000008 (MAX_TEXTURES)
2023-09-16T03:02:19.640Z In(05) vmx   cap[  3]: 0x00000008 (MAX_CLIP_PLANES)
2023-09-16T03:02:19.640Z In(05) vmx   cap[  4]: 0x00000007 (VERTEX_SHADER_VERSION)
2023-09-16T03:02:19.640Z In(05) vmx   cap[  5]: 0x00000001 (VERTEX_SHADER)
2023-09-16T03:02:19.640Z In(05) vmx   cap[  6]: 0x0000000d (FRAGMENT_SHADER_VERSION)
2023-09-16T03:02:19.640Z In(05) vmx   cap[  7]: 0x00000001 (FRAGMENT_SHADER)
2023-09-16T03:02:19.640Z In(05) vmx   cap[  8]: 0x00000008 (MAX_RENDER_TARGETS)
2023-09-16T03:02:19.640Z In(05) vmx   cap[  9]: 0x00000001 (S23E8_TEXTURES)
2023-09-16T03:02:19.640Z In(05) vmx   cap[ 10]: 0x00000001 (S10E5_TEXTURES)
2023-09-16T03:02:19.640Z In(05) vmx   cap[ 11]: 0x00000004 (MAX_FIXED_VERTEXBLEND)
2023-09-16T03:02:19.640Z In(05) vmx   cap[ 12]: 0x00000001 (D16_BUFFER_FORMAT)
2023-09-16T03:02:19.640Z In(05) vmx   cap[ 13]: 0x00000001 (D24S8_BUFFER_FORMAT)
2023-09-16T03:02:19.640Z In(05) vmx   cap[ 14]: 0x00000001 (D24X8_BUFFER_FORMAT)
2023-09-16T03:02:19.640Z In(05) vmx   cap[ 15]: 0x00000001 (QUERY_TYPES)
2023-09-16T03:02:19.640Z In(05) vmx   cap[ 16]: 0x00000001 (TEXTURE_GRADIENT_SAMPLING)
2023-09-16T03:02:19.640Z In(05) vmx   cap[ 17]:   1.000000 (MAX_POINT_SIZE)
2023-09-16T03:02:19.640Z In(05) vmx   cap[ 18]: 0x00000014 (MAX_SHADER_TEXTURES)
2023-09-16T03:02:19.640Z In(05) vmx   cap[ 19]: 0x00004000 (MAX_TEXTURE_WIDTH)
2023-09-16T03:02:19.640Z In(05) vmx   cap[ 20]: 0x00004000 (MAX_TEXTURE_HEIGHT)
2023-09-16T03:02:19.640Z In(05) vmx   cap[ 21]: 0x00000800 (MAX_VOLUME_EXTENT)
2023-09-16T03:02:19.640Z In(05) vmx   cap[ 22]: 0x00004000 (MAX_TEXTURE_REPEAT)
2023-09-16T03:02:19.640Z In(05) vmx   cap[ 23]: 0x00004000 (MAX_TEXTURE_ASPECT_RATIO)
2023-09-16T03:02:19.640Z In(05) vmx   cap[ 24]: 0x00000010 (MAX_TEXTURE_ANISOTROPY)
2023-09-16T03:02:19.640Z In(05) vmx   cap[ 25]: 0x001fffff (MAX_PRIMITIVE_COUNT)
2023-09-16T03:02:19.640Z In(05) vmx   cap[ 26]: 0x000fffff (MAX_VERTEX_INDEX)
2023-09-16T03:02:19.640Z In(05) vmx   cap[ 27]: 0x0000ffff (MAX_VERTEX_SHADER_INSTRUCTIONS)
2023-09-16T03:02:19.640Z In(05) vmx   cap[ 28]: 0x0000ffff (MAX_FRAGMENT_SHADER_INSTRUCTIONS)
2023-09-16T03:02:19.640Z In(05) vmx   cap[ 29]: 0x00000020 (MAX_VERTEX_SHADER_TEMPS)
2023-09-16T03:02:19.640Z In(05) vmx   cap[ 30]: 0x00000020 (MAX_FRAGMENT_SHADER_TEMPS)
2023-09-16T03:02:19.640Z In(05) vmx   cap[ 31]: 0x03ffffff (TEXTURE_OPS)
2023-09-16T03:02:19.640Z In(05) vmx   cap[ 32]: 0x0018ec1f (SURFACEFMT_X8R8G8B8)
2023-09-16T03:02:19.640Z In(05) vmx   cap[ 33]: 0x0018e11f (SURFACEFMT_A8R8G8B8)
2023-09-16T03:02:19.640Z In(05) vmx   cap[ 34]: 0x0008601f (SURFACEFMT_A2R10G10B10)
2023-09-16T03:02:19.640Z In(05) vmx   cap[ 35]: 0x0008601f (SURFACEFMT_X1R5G5B5)
2023-09-16T03:02:19.640Z In(05) vmx   cap[ 36]: 0x0008611f (SURFACEFMT_A1R5G5B5)
2023-09-16T03:02:19.640Z In(05) vmx   cap[ 37]: 0x0000611f (SURFACEFMT_A4R4G4B4)
2023-09-16T03:02:19.640Z In(05) vmx   cap[ 38]: 0x0018ec1f (SURFACEFMT_R5G6B5)
2023-09-16T03:02:19.640Z In(05) vmx   cap[ 39]: 0x0000601f (SURFACEFMT_LUMINANCE16)
2023-09-16T03:02:19.640Z In(05) vmx   cap[ 40]: 0x00006007 (SURFACEFMT_LUMINANCE8_ALPHA8)
2023-09-16T03:02:19.640Z In(05) vmx   cap[ 41]: 0x0000601f (SURFACEFMT_ALPHA8)
2023-09-16T03:02:19.640Z In(05) vmx   cap[ 42]: 0x0000601f (SURFACEFMT_LUMINANCE8)
2023-09-16T03:02:19.640Z In(05) vmx   cap[ 43]: 0x000040c5 (SURFACEFMT_Z_D16)
2023-09-16T03:02:19.640Z In(05) vmx   cap[ 44]: 0x000040c5 (SURFACEFMT_Z_D24S8)
2023-09-16T03:02:19.640Z In(05) vmx   cap[ 45]: 0x000040c5 (SURFACEFMT_Z_D24X8)
2023-09-16T03:02:19.640Z In(05) vmx   cap[ 46]: 0x0000e005 (SURFACEFMT_DXT1)
2023-09-16T03:02:19.640Z In(05) vmx   cap[ 47]: 0x0000e005 (SURFACEFMT_DXT2)
2023-09-16T03:02:19.640Z In(05) vmx   cap[ 48]: 0x0000e005 (SURFACEFMT_DXT3)
2023-09-16T03:02:19.640Z In(05) vmx   cap[ 49]: 0x0000e005 (SURFACEFMT_DXT4)
2023-09-16T03:02:19.640Z In(05) vmx   cap[ 50]: 0x0000e005 (SURFACEFMT_DXT5)
2023-09-16T03:02:19.640Z In(05) vmx   cap[ 51]: 0x00014005 (SURFACEFMT_BUMPX8L8V8U8)
2023-09-16T03:02:19.640Z In(05) vmx   cap[ 52]: 0x00014007 (SURFACEFMT_A2W10V10U10)
2023-09-16T03:02:19.640Z In(05) vmx   cap[ 53]: 0x00014007 (SURFACEFMT_BUMPU8V8)
2023-09-16T03:02:19.640Z In(05) vmx   cap[ 54]: 0x00014005 (SURFACEFMT_Q8W8V8U8)
2023-09-16T03:02:19.640Z In(05) vmx   cap[ 55]: 0x00014001 (SURFACEFMT_CxV8U8)
2023-09-16T03:02:19.640Z In(05) vmx   cap[ 56]: 0x0080601f (SURFACEFMT_R_S10E5)
2023-09-16T03:02:19.640Z In(05) vmx   cap[ 57]: 0x0080601f (SURFACEFMT_R_S23E8)
2023-09-16T03:02:19.640Z In(05) vmx   cap[ 58]: 0x0080601f (SURFACEFMT_RG_S10E5)
2023-09-16T03:02:19.640Z In(05) vmx   cap[ 59]: 0x0080601f (SURFACEFMT_RG_S23E8)
2023-09-16T03:02:19.640Z In(05) vmx   cap[ 60]: 0x0080601f (SURFACEFMT_ARGB_S10E5)
2023-09-16T03:02:19.640Z In(05) vmx   cap[ 61]: 0x0080601f (SURFACEFMT_ARGB_S23E8)
2023-09-16T03:02:19.640Z In(05) vmx   cap[ 63]: 0x00000004 (MAX_VERTEX_SHADER_TEXTURES)
2023-09-16T03:02:19.640Z In(05) vmx   cap[ 64]: 0x00000008 (MAX_SIMULTANEOUS_RENDER_TARGETS)
2023-09-16T03:02:19.640Z In(05) vmx   cap[ 65]: 0x00014007 (SURFACEFMT_V16U16)
2023-09-16T03:02:19.640Z In(05) vmx   cap[ 66]: 0x0000601f (SURFACEFMT_G16R16)
2023-09-16T03:02:19.640Z In(05) vmx   cap[ 67]: 0x0000601f (SURFACEFMT_A16B16G16R16)
2023-09-16T03:02:19.640Z In(05) vmx   cap[ 68]: 0x01246000 (SURFACEFMT_UYVY)
2023-09-16T03:02:19.640Z In(05) vmx   cap[ 69]: 0x01246000 (SURFACEFMT_YUY2)
2023-09-16T03:02:19.640Z In(05) vmx   cap[ 74]: 0x00000001 (AUTOGENMIPMAPS)
2023-09-16T03:02:19.640Z In(05) vmx   cap[ 75]: 0x01246000 (SURFACEFMT_NV12)
2023-09-16T03:02:19.640Z In(05) vmx   cap[ 77]: 0x00000100 (MAX_CONTEXT_IDS)
2023-09-16T03:02:19.640Z In(05) vmx   cap[ 78]: 0x00008000 (MAX_SURFACE_IDS)
2023-09-16T03:02:19.641Z In(05) vmx   cap[ 79]: 0x000040c5 (SURFACEFMT_Z_DF16)
2023-09-16T03:02:19.641Z In(05) vmx   cap[ 80]: 0x000040c5 (SURFACEFMT_Z_DF24)
2023-09-16T03:02:19.641Z In(05) vmx   cap[ 81]: 0x000040c5 (SURFACEFMT_Z_D24S8_INT)
2023-09-16T03:02:19.641Z In(05) vmx   cap[ 82]: 0x00006005 (SURFACEFMT_ATI1)
2023-09-16T03:02:19.641Z In(05) vmx   cap[ 83]: 0x00006005 (SURFACEFMT_ATI2)
2023-09-16T03:02:19.641Z In(05) vmx   cap[ 87]: 0x00000001 (LINE_AA)
2023-09-16T03:02:19.641Z In(05) vmx   cap[ 89]:  10.000000 (MAX_LINE_WIDTH)
2023-09-16T03:02:19.641Z In(05) vmx   cap[ 90]:  10.000000 (MAX_AA_LINE_WIDTH)
2023-09-16T03:02:19.641Z In(05) vmx   cap[ 91]: 0x01246000 (SURFACEFMT_YV12)
2023-09-16T03:02:19.641Z In(05) vmx   cap[ 93]: 0x00000001 (TS_COLOR_KEY)
2023-09-16T03:02:19.641Z In(05) vmx   cap[ 95]: 0x00000001 (DXCONTEXT)
2023-09-16T03:02:19.641Z In(05) vmx   cap[ 97]: 0x00000010 (DX_MAX_VERTEXBUFFERS)
2023-09-16T03:02:19.641Z In(05) vmx   cap[ 98]: 0x0000000f (DX_MAX_CONSTANT_BUFFERS)
2023-09-16T03:02:19.641Z In(05) vmx   cap[100]: 0x000002f7 (DXFMT_X8R8G8B8)
2023-09-16T03:02:19.641Z In(05) vmx   cap[101]: 0x000003f7 (DXFMT_A8R8G8B8)
2023-09-16T03:02:19.641Z In(05) vmx   cap[102]: 0x000002f7 (DXFMT_R5G6B5)
2023-09-16T03:02:19.641Z In(05) vmx   cap[103]: 0x000000f7 (DXFMT_X1R5G5B5)
2023-09-16T03:02:19.641Z In(05) vmx   cap[104]: 0x000000f7 (DXFMT_A1R5G5B5)
2023-09-16T03:02:19.641Z In(05) vmx   cap[105]: 0x000000f7 (DXFMT_A4R4G4B4)
2023-09-16T03:02:19.641Z In(05) vmx   cap[106]: 0x00000009 (DXFMT_Z_D32)
2023-09-16T03:02:19.641Z In(05) vmx   cap[107]: 0x0000026b (DXFMT_Z_D16)
2023-09-16T03:02:19.641Z In(05) vmx   cap[108]: 0x0000026b (DXFMT_Z_D24S8)
2023-09-16T03:02:19.641Z In(05) vmx   cap[109]: 0x0000000b (DXFMT_Z_D15S1)
2023-09-16T03:02:19.641Z In(05) vmx   cap[110]: 0x000000f7 (DXFMT_LUMINANCE8)
2023-09-16T03:02:19.641Z In(05) vmx   cap[111]: 0x000000e3 (DXFMT_LUMINANCE4_ALPHA4)
2023-09-16T03:02:19.641Z In(05) vmx   cap[112]: 0x000000f7 (DXFMT_LUMINANCE16)
2023-09-16T03:02:19.641Z In(05) vmx   cap[113]: 0x000000e3 (DXFMT_LUMINANCE8_ALPHA8)
2023-09-16T03:02:19.641Z In(05) vmx   cap[114]: 0x00000063 (DXFMT_DXT1)
2023-09-16T03:02:19.641Z In(05) vmx   cap[115]: 0x00000063 (DXFMT_DXT2)
2023-09-16T03:02:19.641Z In(05) vmx   cap[116]: 0x00000063 (DXFMT_DXT3)
2023-09-16T03:02:19.641Z In(05) vmx   cap[117]: 0x00000063 (DXFMT_DXT4)
2023-09-16T03:02:19.641Z In(05) vmx   cap[118]: 0x00000063 (DXFMT_DXT5)
2023-09-16T03:02:19.641Z In(05) vmx   cap[119]: 0x000000e3 (DXFMT_BUMPU8V8)
2023-09-16T03:02:19.641Z In(05) vmx   cap[121]: 0x00000063 (DXFMT_BUMPX8L8V8U8)
2023-09-16T03:02:19.641Z In(05) vmx   cap[123]: 0x000003f7 (DXFMT_ARGB_S10E5)
2023-09-16T03:02:19.641Z In(05) vmx   cap[124]: 0x000003f7 (DXFMT_ARGB_S23E8)
2023-09-16T03:02:19.641Z In(05) vmx   cap[125]: 0x000003f7 (DXFMT_A2R10G10B10)
2023-09-16T03:02:19.641Z In(05) vmx   cap[126]: 0x000000e3 (DXFMT_V8U8)
2023-09-16T03:02:19.641Z In(05) vmx   cap[127]: 0x00000063 (DXFMT_Q8W8V8U8)
2023-09-16T03:02:19.641Z In(05) vmx   cap[128]: 0x00000063 (DXFMT_CxV8U8)
2023-09-16T03:02:19.641Z In(05) vmx   cap[129]: 0x000000e3 (DXFMT_X8L8V8U8)
2023-09-16T03:02:19.641Z In(05) vmx   cap[130]: 0x000000e3 (DXFMT_A2W10V10U10)
2023-09-16T03:02:19.641Z In(05) vmx   cap[131]: 0x000000f7 (DXFMT_ALPHA8)
2023-09-16T03:02:19.641Z In(05) vmx   cap[132]: 0x000003f7 (DXFMT_R_S10E5)
2023-09-16T03:02:19.641Z In(05) vmx   cap[133]: 0x000003f7 (DXFMT_R_S23E8)
2023-09-16T03:02:19.641Z In(05) vmx   cap[134]: 0x000003f7 (DXFMT_RG_S10E5)
2023-09-16T03:02:19.641Z In(05) vmx   cap[135]: 0x000003f7 (DXFMT_RG_S23E8)
2023-09-16T03:02:19.641Z In(05) vmx   cap[136]: 0x00000001 (DXFMT_BUFFER)
2023-09-16T03:02:19.641Z In(05) vmx   cap[137]: 0x0000026b (DXFMT_Z_D24X8)
2023-09-16T03:02:19.641Z In(05) vmx   cap[138]: 0x000001e3 (DXFMT_V16U16)
2023-09-16T03:02:19.641Z In(05) vmx   cap[139]: 0x000003f7 (DXFMT_G16R16)
2023-09-16T03:02:19.641Z In(05) vmx   cap[140]: 0x000001f7 (DXFMT_A16B16G16R16)
2023-09-16T03:02:19.641Z In(05) vmx   cap[141]: 0x00000001 (DXFMT_UYVY)
2023-09-16T03:02:19.641Z In(05) vmx   cap[142]: 0x00000041 (DXFMT_YUY2)
2023-09-16T03:02:19.641Z In(05) vmx   cap[143]: 0x00000041 (DXFMT_NV12)
2023-09-16T03:02:19.641Z In(05) vmx   cap[145]: 0x000002e1 (DXFMT_R32G32B32A32_TYPELESS)
2023-09-16T03:02:19.641Z In(05) vmx   cap[146]: 0x000003e7 (DXFMT_R32G32B32A32_UINT)
2023-09-16T03:02:19.641Z In(05) vmx   cap[147]: 0x000003e7 (DXFMT_R32G32B32A32_SINT)
2023-09-16T03:02:19.641Z In(05) vmx   cap[148]: 0x000000e1 (DXFMT_R32G32B32_TYPELESS)
2023-09-16T03:02:19.641Z In(05) vmx   cap[149]: 0x000001e3 (DXFMT_R32G32B32_FLOAT)
2023-09-16T03:02:19.641Z In(05) vmx   cap[150]: 0x000001e3 (DXFMT_R32G32B32_UINT)
2023-09-16T03:02:19.641Z In(05) vmx   cap[151]: 0x000001e3 (DXFMT_R32G32B32_SINT)
2023-09-16T03:02:19.641Z In(05) vmx   cap[152]: 0x000002e1 (DXFMT_R16G16B16A16_TYPELESS)
2023-09-16T03:02:19.641Z In(05) vmx   cap[153]: 0x000003e7 (DXFMT_R16G16B16A16_UINT)
2023-09-16T03:02:19.641Z In(05) vmx   cap[154]: 0x000003f7 (DXFMT_R16G16B16A16_SNORM)
2023-09-16T03:02:19.641Z In(05) vmx   cap[155]: 0x000003e7 (DXFMT_R16G16B16A16_SINT)
2023-09-16T03:02:19.641Z In(05) vmx   cap[156]: 0x000002e1 (DXFMT_R32G32_TYPELESS)
2023-09-16T03:02:19.641Z In(05) vmx   cap[157]: 0x000003e7 (DXFMT_R32G32_UINT)
2023-09-16T03:02:19.641Z In(05) vmx   cap[158]: 0x000003e7 (DXFMT_R32G32_SINT)
2023-09-16T03:02:19.641Z In(05) vmx   cap[159]: 0x00000261 (DXFMT_R32G8X24_TYPELESS)
2023-09-16T03:02:19.641Z In(05) vmx   cap[160]: 0x00000269 (DXFMT_D32_FLOAT_S8X24_UINT)
2023-09-16T03:02:19.641Z In(05) vmx   cap[161]: 0x00000063 (DXFMT_R32_FLOAT_X8X24)
2023-09-16T03:02:19.641Z In(05) vmx   cap[162]: 0x00000063 (DXFMT_X32_G8X24_UINT)
2023-09-16T03:02:19.641Z In(05) vmx   cap[163]: 0x000002e1 (DXFMT_R10G10B10A2_TYPELESS)
2023-09-16T03:02:19.641Z In(05) vmx   cap[164]: 0x000003e7 (DXFMT_R10G10B10A2_UINT)
2023-09-16T03:02:19.641Z In(05) vmx   cap[165]: 0x000003f7 (DXFMT_R11G11B10_FLOAT)
2023-09-16T03:02:19.641Z In(05) vmx   cap[166]: 0x000002e1 (DXFMT_R8G8B8A8_TYPELESS)
2023-09-16T03:02:19.641Z In(05) vmx   cap[167]: 0x000003f7 (DXFMT_R8G8B8A8_UNORM)
2023-09-16T03:02:19.641Z In(05) vmx   cap[168]: 0x000002f7 (DXFMT_R8G8B8A8_UNORM_SRGB)
2023-09-16T03:02:19.641Z In(05) vmx   cap[169]: 0x000003e7 (DXFMT_R8G8B8A8_UINT)
2023-09-16T03:02:19.641Z In(05) vmx   cap[170]: 0x000003e7 (DXFMT_R8G8B8A8_SINT)
2023-09-16T03:02:19.641Z In(05) vmx   cap[171]: 0x000002e1 (DXFMT_R16G16_TYPELESS)
2023-09-16T03:02:19.641Z In(05) vmx   cap[172]: 0x000003e7 (DXFMT_R16G16_UINT)
2023-09-16T03:02:19.642Z In(05) vmx   cap[173]: 0x000003e7 (DXFMT_R16G16_SINT)
2023-09-16T03:02:19.642Z In(05) vmx   cap[174]: 0x000002e1 (DXFMT_R32_TYPELESS)
2023-09-16T03:02:19.642Z In(05) vmx   cap[175]: 0x00000269 (DXFMT_D32_FLOAT)
2023-09-16T03:02:19.642Z In(05) vmx   cap[176]: 0x000003e7 (DXFMT_R32_UINT)
2023-09-16T03:02:19.642Z In(05) vmx   cap[177]: 0x000003e7 (DXFMT_R32_SINT)
2023-09-16T03:02:19.642Z In(05) vmx   cap[178]: 0x00000261 (DXFMT_R24G8_TYPELESS)
2023-09-16T03:02:19.642Z In(05) vmx   cap[179]: 0x00000269 (DXFMT_D24_UNORM_S8_UINT)
2023-09-16T03:02:19.642Z In(05) vmx   cap[180]: 0x00000063 (DXFMT_R24_UNORM_X8)
2023-09-16T03:02:19.642Z In(05) vmx   cap[181]: 0x00000063 (DXFMT_X24_G8_UINT)
2023-09-16T03:02:19.642Z In(05) vmx   cap[182]: 0x000002e1 (DXFMT_R8G8_TYPELESS)
2023-09-16T03:02:19.642Z In(05) vmx   cap[183]: 0x000003f7 (DXFMT_R8G8_UNORM)
2023-09-16T03:02:19.642Z In(05) vmx   cap[184]: 0x000003e7 (DXFMT_R8G8_UINT)
2023-09-16T03:02:19.642Z In(05) vmx   cap[185]: 0x000003e7 (DXFMT_R8G8_SINT)
2023-09-16T03:02:19.642Z In(05) vmx   cap[186]: 0x000002e1 (DXFMT_R16_TYPELESS)
2023-09-16T03:02:19.642Z In(05) vmx   cap[187]: 0x000003f7 (DXFMT_R16_UNORM)
2023-09-16T03:02:19.642Z In(05) vmx   cap[188]: 0x000003e7 (DXFMT_R16_UINT)
2023-09-16T03:02:19.642Z In(05) vmx   cap[189]: 0x000003f7 (DXFMT_R16_SNORM)
2023-09-16T03:02:19.642Z In(05) vmx   cap[190]: 0x000003e7 (DXFMT_R16_SINT)
2023-09-16T03:02:19.642Z In(05) vmx   cap[191]: 0x000002e1 (DXFMT_R8_TYPELESS)
2023-09-16T03:02:19.642Z In(05) vmx   cap[192]: 0x000003f7 (DXFMT_R8_UNORM)
2023-09-16T03:02:19.642Z In(05) vmx   cap[193]: 0x000003e7 (DXFMT_R8_UINT)
2023-09-16T03:02:19.642Z In(05) vmx   cap[194]: 0x000003f7 (DXFMT_R8_SNORM)
2023-09-16T03:02:19.642Z In(05) vmx   cap[195]: 0x000003e7 (DXFMT_R8_SINT)
2023-09-16T03:02:19.642Z In(05) vmx   cap[196]: 0x00000001 (DXFMT_P8)
2023-09-16T03:02:19.642Z In(05) vmx   cap[197]: 0x000000e3 (DXFMT_R9G9B9E5_SHAREDEXP)
2023-09-16T03:02:19.642Z In(05) vmx   cap[198]: 0x000000e3 (DXFMT_R8G8_B8G8_UNORM)
2023-09-16T03:02:19.642Z In(05) vmx   cap[199]: 0x000000e3 (DXFMT_G8R8_G8B8_UNORM)
2023-09-16T03:02:19.642Z In(05) vmx   cap[200]: 0x000000e1 (DXFMT_BC1_TYPELESS)
2023-09-16T03:02:19.642Z In(05) vmx   cap[201]: 0x000000e3 (DXFMT_BC1_UNORM_SRGB)
2023-09-16T03:02:19.642Z In(05) vmx   cap[202]: 0x000000e1 (DXFMT_BC2_TYPELESS)
2023-09-16T03:02:19.642Z In(05) vmx   cap[203]: 0x000000e3 (DXFMT_BC2_UNORM_SRGB)
2023-09-16T03:02:19.642Z In(05) vmx   cap[204]: 0x000000e1 (DXFMT_BC3_TYPELESS)
2023-09-16T03:02:19.642Z In(05) vmx   cap[205]: 0x000000e3 (DXFMT_BC3_UNORM_SRGB)
2023-09-16T03:02:19.642Z In(05) vmx   cap[206]: 0x000000e1 (DXFMT_BC4_TYPELESS)
2023-09-16T03:02:19.642Z In(05) vmx   cap[207]: 0x00000063 (DXFMT_ATI1)
2023-09-16T03:02:19.642Z In(05) vmx   cap[208]: 0x000000e3 (DXFMT_BC4_SNORM)
2023-09-16T03:02:19.642Z In(05) vmx   cap[209]: 0x000000e1 (DXFMT_BC5_TYPELESS)
2023-09-16T03:02:19.642Z In(05) vmx   cap[210]: 0x00000063 (DXFMT_ATI2)
2023-09-16T03:02:19.642Z In(05) vmx   cap[211]: 0x000000e3 (DXFMT_BC5_SNORM)
2023-09-16T03:02:19.642Z In(05) vmx   cap[212]: 0x00000045 (DXFMT_R10G10B10_XR_BIAS_A2_UNORM)
2023-09-16T03:02:19.642Z In(05) vmx   cap[213]: 0x000002e1 (DXFMT_B8G8R8A8_TYPELESS)
2023-09-16T03:02:19.642Z In(05) vmx   cap[214]: 0x000002f7 (DXFMT_B8G8R8A8_UNORM_SRGB)
2023-09-16T03:02:19.642Z In(05) vmx   cap[215]: 0x000002e1 (DXFMT_B8G8R8X8_TYPELESS)
2023-09-16T03:02:19.642Z In(05) vmx   cap[216]: 0x000002f7 (DXFMT_B8G8R8X8_UNORM_SRGB)
2023-09-16T03:02:19.642Z In(05) vmx   cap[217]: 0x0000006b (DXFMT_Z_DF16)
2023-09-16T03:02:19.642Z In(05) vmx   cap[218]: 0x0000006b (DXFMT_Z_DF24)
2023-09-16T03:02:19.642Z In(05) vmx   cap[219]: 0x0000006b (DXFMT_Z_D24S8_INT)
2023-09-16T03:02:19.642Z In(05) vmx   cap[220]: 0x00000001 (DXFMT_YV12)
2023-09-16T03:02:19.642Z In(05) vmx   cap[221]: 0x000003f7 (DXFMT_R32G32B32A32_FLOAT)
2023-09-16T03:02:19.642Z In(05) vmx   cap[222]: 0x000003f7 (DXFMT_R16G16B16A16_FLOAT)
2023-09-16T03:02:19.642Z In(05) vmx   cap[223]: 0x000003f7 (DXFMT_R16G16B16A16_UNORM)
2023-09-16T03:02:19.642Z In(05) vmx   cap[224]: 0x000003f7 (DXFMT_R32G32_FLOAT)
2023-09-16T03:02:19.642Z In(05) vmx   cap[225]: 0x000003f7 (DXFMT_R10G10B10A2_UNORM)
2023-09-16T03:02:19.642Z In(05) vmx   cap[226]: 0x000003f7 (DXFMT_R8G8B8A8_SNORM)
2023-09-16T03:02:19.642Z In(05) vmx   cap[227]: 0x000003f7 (DXFMT_R16G16_FLOAT)
2023-09-16T03:02:19.642Z In(05) vmx   cap[228]: 0x000003f7 (DXFMT_R16G16_UNORM)
2023-09-16T03:02:19.642Z In(05) vmx   cap[229]: 0x000003f7 (DXFMT_R16G16_SNORM)
2023-09-16T03:02:19.642Z In(05) vmx   cap[230]: 0x000003f7 (DXFMT_R32_FLOAT)
2023-09-16T03:02:19.642Z In(05) vmx   cap[231]: 0x000003f7 (DXFMT_R8G8_SNORM)
2023-09-16T03:02:19.642Z In(05) vmx   cap[232]: 0x000003f7 (DXFMT_R16_FLOAT)
2023-09-16T03:02:19.642Z In(05) vmx   cap[233]: 0x00000269 (DXFMT_D16_UNORM)
2023-09-16T03:02:19.642Z In(05) vmx   cap[234]: 0x000002f7 (DXFMT_A8_UNORM)
2023-09-16T03:02:19.642Z In(05) vmx   cap[235]: 0x000000e3 (DXFMT_BC1_UNORM)
2023-09-16T03:02:19.642Z In(05) vmx   cap[236]: 0x000000e3 (DXFMT_BC2_UNORM)
2023-09-16T03:02:19.642Z In(05) vmx   cap[237]: 0x000000e3 (DXFMT_BC3_UNORM)
2023-09-16T03:02:19.642Z In(05) vmx   cap[238]: 0x000002f7 (DXFMT_B5G6R5_UNORM)
2023-09-16T03:02:19.642Z In(05) vmx   cap[239]: 0x000002f7 (DXFMT_B5G5R5A1_UNORM)
2023-09-16T03:02:19.642Z In(05) vmx   cap[240]: 0x000003f7 (DXFMT_B8G8R8A8_UNORM)
2023-09-16T03:02:19.642Z In(05) vmx   cap[241]: 0x000003f7 (DXFMT_B8G8R8X8_UNORM)
2023-09-16T03:02:19.642Z In(05) vmx   cap[242]: 0x000000e3 (DXFMT_BC4_UNORM)
2023-09-16T03:02:19.642Z In(05) vmx   cap[243]: 0x000000e3 (DXFMT_BC5_UNORM)
2023-09-16T03:02:19.642Z In(05) vmx   cap[244]: 0x00000001 (SM41)
2023-09-16T03:02:19.642Z In(05) vmx   cap[245]: 0x00000001 (MULTISAMPLE_2X)
2023-09-16T03:02:19.642Z In(05) vmx   cap[246]: 0x00000001 (MULTISAMPLE_4X)
2023-09-16T03:02:19.643Z In(05) vmx   cap[247]: 0x00000001 (MS_FULL_QUALITY)
2023-09-16T03:02:19.643Z In(05) vmx   cap[248]: 0x00000001 (LOGICOPS)
2023-09-16T03:02:19.643Z In(05) vmx   cap[251]: 0x000000e1 (DXFMT_BC6H_TYPELESS)
2023-09-16T03:02:19.643Z In(05) vmx   cap[252]: 0x000000e3 (DXFMT_BC6H_UF16)
2023-09-16T03:02:19.643Z In(05) vmx   cap[253]: 0x000000e3 (DXFMT_BC6H_SF16)
2023-09-16T03:02:19.643Z In(05) vmx   cap[254]: 0x000000e1 (DXFMT_BC7_TYPELESS)
2023-09-16T03:02:19.643Z In(05) vmx   cap[255]: 0x000000e3 (DXFMT_BC7_UNORM)
2023-09-16T03:02:19.643Z In(05) vmx   cap[256]: 0x000000e3 (DXFMT_BC7_UNORM_SRGB)
2023-09-16T03:02:19.643Z In(05) vmx   cap[258]: 0x00000001 (SM5)
2023-09-16T03:02:19.643Z In(05) vmx   cap[259]: 0x00000001 (MULTISAMPLE_8X)
2023-09-16T03:02:19.643Z In(05) vmx   cap[260]: 0x00000010 (MAX_FORCED_SAMPLE_COUNT)
2023-09-16T03:02:19.643Z In(05) vmx   cap[261]: 0x00000001 (GL43)
2023-09-16T03:02:19.643Z In(05) vmx SVGAFeature guest, at resume id: 0
2023-09-16T03:02:19.643Z In(05) vmx SVGAFeature guest, at resume svga.supports3D bool 1
2023-09-16T03:02:19.643Z In(05) vmx SVGAFeature guest, at resume svga.baseCapsLevel num 9
2023-09-16T03:02:19.643Z In(05) vmx SVGAFeature guest, at resume svga.maxPointSize num 1
2023-09-16T03:02:19.643Z In(05) vmx SVGAFeature guest, at resume svga.maxTextureSize num 16384
2023-09-16T03:02:19.643Z In(05) vmx SVGAFeature guest, at resume svga.maxVolumeExtent num 2048
2023-09-16T03:02:19.643Z In(05) vmx SVGAFeature guest, at resume svga.maxTextureAnisotropy num 16
2023-09-16T03:02:19.643Z In(05) vmx SVGAFeature guest, at resume svga.lineStipple bool 0
2023-09-16T03:02:19.643Z In(05) vmx SVGAFeature guest, at resume svga.dxMaxConstantBuffers num 15
2023-09-16T03:02:19.643Z In(05) vmx SVGAFeature guest, at resume svga.dxProvokingVertex bool 0
2023-09-16T03:02:19.643Z In(05) vmx SVGAFeature guest, at resume svga.sm41 bool 1
2023-09-16T03:02:19.643Z In(05) vmx SVGAFeature guest, at resume svga.multisample2x bool 1
2023-09-16T03:02:19.643Z In(05) vmx SVGAFeature guest, at resume svga.multisample4x bool 1
2023-09-16T03:02:19.643Z In(05) vmx SVGAFeature guest, at resume svga.msFullQuality bool 1
2023-09-16T03:02:19.643Z In(05) vmx SVGAFeature guest, at resume svga.logicOps bool 1
2023-09-16T03:02:19.643Z In(05) vmx SVGAFeature guest, at resume svga.bc67 num 9
2023-09-16T03:02:19.643Z In(05) vmx SVGAFeature guest, at resume svga.sm5 bool 1
2023-09-16T03:02:19.643Z In(05) vmx SVGAFeature guest, at resume svga.multisample8x bool 1
2023-09-16T03:02:19.643Z In(05) vmx SVGAFeature guest, at resume svga.logicBlendOps bool 0
2023-09-16T03:02:19.643Z In(05) vmx SVGAFeature guest, at resume svga.maxForcedSampleCount num 16
2023-09-16T03:02:19.643Z In(05) vmx SVGAFeature guest, at resume svga.gl43 bool 1
2023-09-16T03:02:19.645Z In(05) vmx DUMPER: Item 'screens.arraySize' [-1, -1] not found.
2023-09-16T03:02:19.645Z In(05) vmx SVGA-ScreenMgr: Screen type changed to RegisterMode
2023-09-16T03:02:19.646Z In(05) vmx SWBScreen: Screen 1 Defined: xywh(0, 0, 1024, 768) flags=0x2
2023-09-16T03:02:19.646Z In(05) vmx DUMPER: Item 'CursorType' [-1, -1] not found.
2023-09-16T03:02:19.646Z In(05) vmx   restoring usb
2023-09-16T03:02:19.646Z In(05) vmx DUMPER: Item 'lastFrnumChangeTime' [-1, -1] not found.
2023-09-16T03:02:19.646Z In(05) vmx   restoring usb:1
2023-09-16T03:02:19.647Z In(05) vmx   restoring Ethernet0
2023-09-16T03:02:19.651Z In(05) vmx   restoring sound
2023-09-16T03:02:19.651Z In(05) vmx   restoring hpet0
2023-09-16T03:02:19.651Z In(05) vmx   restoring ich7m.hpet
2023-09-16T03:02:19.651Z In(05) vmx   restoring ehci
2023-09-16T03:02:19.651Z In(05) vmx   restoring usb_xhci
2023-09-16T03:02:19.652Z In(05) vmx PCIXHCI: Interrupt type changed from INTX to MSIX
2023-09-16T03:02:19.652Z In(05) vmx   restoring usb_xhci:4
2023-09-16T03:02:19.652Z In(05) vmx   restoring vmci0
2023-09-16T03:02:19.653Z In(05) vmx   restoring sata0
2023-09-16T03:02:19.654Z In(05) vmx   restoring nvme0
2023-09-16T03:02:19.654Z In(05) vmx   restoring vsock
2023-09-16T03:02:19.655Z In(05) vmx DUMPER: Item 'remote.port' [0, -1] not found.
2023-09-16T03:02:19.656Z In(05) vmx DUMPER: Item 'qpair.context' [0, -1] not found.
2023-09-16T03:02:19.656Z In(05) vmx DUMPER: Item 'timeoutRemaining' [0, -1] not found.
2023-09-16T03:02:19.656Z In(05) vmx   restoring GuestMsg
2023-09-16T03:02:19.656Z In(05) vmx   restoring GuestRpc
2023-09-16T03:02:19.656Z In(05) vmx DUMPER: Item 'AsyncVmciSocket.numSendBuf' [-1, -1] not found.
2023-09-16T03:02:19.656Z In(05) vmx   restoring Tools
2023-09-16T03:02:19.656Z In(05) vmx   restoring Tools Install
2023-09-16T03:02:19.656Z In(05) vmx TOOLS INSTALL setting state to 0 on restore.
2023-09-16T03:02:19.656Z In(05) vmx   restoring GuestAppMonitor
2023-09-16T03:02:19.656Z In(05) vmx DUMPER: Requested 10 bytes, found 5 bytes.
2023-09-16T03:02:19.656Z In(05) vmx DUMPER: Requested 20 bytes, found 5 bytes.
2023-09-16T03:02:19.656Z In(05) vmx   restoring Hgfs
2023-09-16T03:02:19.656Z In(05) vmx   restoring MKSVMX
2023-09-16T03:02:19.657Z In(05) vmx   restoring ToolsDeployPkg
2023-09-16T03:02:19.657Z In(05) vmx DEPLOYPKG: ToolsDeployPkgCptRestore: state=0 err=0 (null msg)
2023-09-16T03:02:19.657Z In(05) vmx DEPLOYPKG: ToolsDeployPkgRestoreSuccessTasks: state=0 err=0, msg=null
2023-09-16T03:02:19.657Z In(05) vmx   restoring CMOS
2023-09-16T03:02:19.657Z In(05) vmx   restoring FlashRam
2023-09-16T03:02:19.658Z In(05) vmx Progress 101% (none)
2023-09-16T03:02:19.658Z In(05) vmx DUMPER: Updating header magic on restore.
2023-09-16T03:02:19.664Z No(00) vmx ConfigDB: Setting checkpoint.vmState = ""
2023-09-16T03:02:19.702Z No(00) vmx ConfigDB: Setting monitor.phys_bits_used = "45"
2023-09-16T03:02:19.703Z In(05) vmx Full guest CPUID with differences from hostCPUID highlighted.
2023-09-16T03:02:19.703Z In(05) vmx guest vs. host CPUID guest vendor: GenuineIntel
2023-09-16T03:02:19.703Z In(05) vmx guest vs. host CPUID guest family: 0x6 model: 0x8c stepping: 0x1
2023-09-16T03:02:19.703Z In(05) vmx guest vs. host CPUID guest codename: Tiger Lake
2023-09-16T03:02:19.703Z In(05) vmx guest vs. host CPUID guest name: 11th Gen Intel(R) Core(TM) i5-1135G7 @ 2.40GHz
2023-09-16T03:02:19.703Z In(05) vmx guest vs. host CPUID       level eaxIn, ecxIn:        eax        ebx        ecx        edx
2023-09-16T03:02:19.703Z In(05) vmx guest vs. host CPUID guest level 00000000,  0: 0x0000001b 0x756e6547 0x6c65746e 0x49656e69
2023-09-16T03:02:19.703Z In(05) vmx guest vs. host CPUID guest level 00000001,  0: 0x000806c1 0x00010800 0xf7fa3203 0x0f8bfbff
2023-09-16T03:02:19.703Z In(05) vmx guest vs. host CPUID *host level 00000001,  0: 0x000806c1 0x00100800 0x7ffafbbf 0xbfebfbff
2023-09-16T03:02:19.703Z In(05) vmx guest vs. host CPUID guest level 00000002,  0: 0x00feff01 0x000000f0 0x00000000 0x00000000
2023-09-16T03:02:19.703Z In(05) vmx guest vs. host CPUID guest level 00000004,  0: 0x00000121 0x02c0003f 0x0000003f 0x00000000
2023-09-16T03:02:19.703Z In(05) vmx guest vs. host CPUID *host level 00000004,  0: 0x1c004121 0x02c0003f 0x0000003f 0x00000000
2023-09-16T03:02:19.703Z In(05) vmx guest vs. host CPUID guest level 00000004,  1: 0x00000122 0x01c0003f 0x0000003f 0x00000000
2023-09-16T03:02:19.703Z In(05) vmx guest vs. host CPUID *host level 00000004,  1: 0x1c004122 0x01c0003f 0x0000003f 0x00000000
2023-09-16T03:02:19.703Z In(05) vmx guest vs. host CPUID guest level 00000004,  2: 0x00000143 0x04c0003f 0x000003ff 0x00000000
2023-09-16T03:02:19.703Z In(05) vmx guest vs. host CPUID *host level 00000004,  2: 0x1c004143 0x04c0003f 0x000003ff 0x00000000
2023-09-16T03:02:19.703Z In(05) vmx guest vs. host CPUID guest level 00000004,  3: 0x00000163 0x01c0003f 0x00003fff 0x00000004
2023-09-16T03:02:19.703Z In(05) vmx guest vs. host CPUID *host level 00000004,  3: 0x1c03c163 0x01c0003f 0x00003fff 0x00000004
2023-09-16T03:02:19.703Z In(05) vmx guest vs. host CPUID guest level 00000006,  0: 0x00000004 0x00000000 0x00000000 0x00000000
2023-09-16T03:02:19.703Z In(05) vmx guest vs. host CPUID *host level 00000006,  0: 0x0017eff7 0x00000002 0x00000009 0x00000000
2023-09-16T03:02:19.703Z In(05) vmx guest vs. host CPUID guest level 00000007,  0: 0x00000000 0xf1bf27eb 0x18405fce 0xbc000510
2023-09-16T03:02:19.703Z In(05) vmx guest vs. host CPUID *host level 00000007,  0: 0x00000000 0xf3bfa7eb 0x18c05fce 0xfc100510
2023-09-16T03:02:19.703Z In(05) vmx guest vs. host CPUID guest level 0000000a,  0: 0x08300801 0x000000ff 0x0000000f 0x00008000
2023-09-16T03:02:19.703Z In(05) vmx guest vs. host CPUID *host level 0000000a,  0: 0x08300805 0x00000000 0x0000000f 0x00008604
2023-09-16T03:02:19.703Z In(05) vmx guest vs. host CPUID guest level 0000000b,  0: 0x00000000 0x00000001 0x00000100 0x00000000
2023-09-16T03:02:19.703Z In(05) vmx guest vs. host CPUID *host level 0000000b,  0: 0x00000001 0x00000002 0x00000100 0x00000000
2023-09-16T03:02:19.703Z In(05) vmx guest vs. host CPUID guest level 0000000b,  1: 0x00000000 0x00000001 0x00000201 0x00000000
2023-09-16T03:02:19.703Z In(05) vmx guest vs. host CPUID *host level 0000000b,  1: 0x00000004 0x00000008 0x00000201 0x00000000
2023-09-16T03:02:19.703Z In(05) vmx guest vs. host CPUID guest level 0000000d,  0: 0x000002e7 0x00000a88 0x00000a88 0x00000000
2023-09-16T03:02:19.703Z In(05) vmx guest vs. host CPUID *host level 0000000d,  0: 0x000002e7 0x00000a80 0x00000a88 0x00000000
2023-09-16T03:02:19.703Z In(05) vmx guest vs. host CPUID guest level 0000000d,  1: 0x0000000f 0x00000a10 0x00001800 0x00000000
2023-09-16T03:02:19.703Z In(05) vmx guest vs. host CPUID *host level 0000000d,  1: 0x0000000f 0x00000a10 0x00003900 0x00000000
2023-09-16T03:02:19.703Z In(05) vmx guest vs. host CPUID guest level 0000000d,  2: 0x00000100 0x00000240 0x00000000 0x00000000
2023-09-16T03:02:19.703Z In(05) vmx guest vs. host CPUID guest level 0000000d,  5: 0x00000040 0x00000440 0x00000000 0x00000000
2023-09-16T03:02:19.703Z In(05) vmx guest vs. host CPUID guest level 0000000d,  6: 0x00000200 0x00000480 0x00000000 0x00000000
2023-09-16T03:02:19.703Z In(05) vmx guest vs. host CPUID guest level 0000000d,  7: 0x00000400 0x00000680 0x00000000 0x00000000
2023-09-16T03:02:19.703Z In(05) vmx guest vs. host CPUID guest level 0000000d,  9: 0x00000008 0x00000a80 0x00000000 0x00000000
2023-09-16T03:02:19.703Z In(05) vmx guest vs. host CPUID guest level 0000000d,  b: 0x00000010 0x00000000 0x00000001 0x00000000
2023-09-16T03:02:19.703Z In(05) vmx guest vs. host CPUID guest level 0000000d,  c: 0x00000018 0x00000000 0x00000001 0x00000000
2023-09-16T03:02:19.703Z In(05) vmx guest vs. host CPUID guest level 00000015,  0: 0x00000000 0x00000000 0x00000000 0x00000000
2023-09-16T03:02:19.703Z In(05) vmx guest vs. host CPUID *host level 00000015,  0: 0x00000002 0x0000007e 0x0249f000 0x00000000
2023-09-16T03:02:19.703Z In(05) vmx guest vs. host CPUID guest level 00000016,  0: 0x00000000 0x00000000 0x00000000 0x00000000
2023-09-16T03:02:19.703Z In(05) vmx guest vs. host CPUID *host level 00000016,  0: 0x00000960 0x00001068 0x00000064 0x00000000
2023-09-16T03:02:19.703Z In(05) vmx guest vs. host CPUID guest level 00000018,  0: 0x00000000 0x00000000 0x00000000 0x00000000
2023-09-16T03:02:19.703Z In(05) vmx guest vs. host CPUID *host level 00000018,  0: 0x00000008 0x00000000 0x00000000 0x00000000
2023-09-16T03:02:19.703Z In(05) vmx guest vs. host CPUID guest level 00000018,  1: 0x00000000 0x00000000 0x00000000 0x00000000
2023-09-16T03:02:19.703Z In(05) vmx guest vs. host CPUID *host level 00000018,  1: 0x00000000 0x00080001 0x00000010 0x00004022
2023-09-16T03:02:19.703Z In(05) vmx guest vs. host CPUID guest level 00000018,  2: 0x00000000 0x00000000 0x00000000 0x00000000
2023-09-16T03:02:19.703Z In(05) vmx guest vs. host CPUID *host level 00000018,  2: 0x00000000 0x00080006 0x00000002 0x00004022
2023-09-16T03:02:19.703Z In(05) vmx guest vs. host CPUID guest level 00000018,  3: 0x00000000 0x00000000 0x00000000 0x00000000
2023-09-16T03:02:19.703Z In(05) vmx guest vs. host CPUID *host level 00000018,  3: 0x00000000 0x0010000f 0x00000001 0x00004125
2023-09-16T03:02:19.703Z In(05) vmx guest vs. host CPUID guest level 00000018,  4: 0x00000000 0x00000000 0x00000000 0x00000000
2023-09-16T03:02:19.703Z In(05) vmx guest vs. host CPUID *host level 00000018,  4: 0x00000000 0x00040001 0x00000010 0x00004024
2023-09-16T03:02:19.703Z In(05) vmx guest vs. host CPUID guest level 00000018,  5: 0x00000000 0x00000000 0x00000000 0x00000000
2023-09-16T03:02:19.703Z In(05) vmx guest vs. host CPUID *host level 00000018,  5: 0x00000000 0x00040006 0x00000008 0x00004024
2023-09-16T03:02:19.703Z In(05) vmx guest vs. host CPUID guest level 00000018,  6: 0x00000000 0x00000000 0x00000000 0x00000000
2023-09-16T03:02:19.703Z In(05) vmx guest vs. host CPUID *host level 00000018,  6: 0x00000000 0x00080008 0x00000001 0x00004124
2023-09-16T03:02:19.703Z In(05) vmx guest vs. host CPUID guest level 00000018,  7: 0x00000000 0x00000000 0x00000000 0x00000000
2023-09-16T03:02:19.703Z In(05) vmx guest vs. host CPUID *host level 00000018,  7: 0x00000000 0x00080007 0x00000080 0x00004043
2023-09-16T03:02:19.703Z In(05) vmx guest vs. host CPUID guest level 00000018,  8: 0x00000000 0x00000000 0x00000000 0x00000000
2023-09-16T03:02:19.703Z In(05) vmx guest vs. host CPUID *host level 00000018,  8: 0x00000000 0x00080009 0x00000080 0x00004043
2023-09-16T03:02:19.703Z In(05) vmx guest vs. host CPUID guest level 00000019,  0: 0x00000000 0x00000000 0x00000000 0x00000000
2023-09-16T03:02:19.703Z In(05) vmx guest vs. host CPUID *host level 00000019,  0: 0x00000007 0x00000014 0x00000003 0x00000000
2023-09-16T03:02:19.703Z In(05) vmx guest vs. host CPUID guest level 40000000,  0: 0x40000010 0x61774d56 0x4d566572 0x65726177
2023-09-16T03:02:19.703Z In(05) vmx guest vs. host CPUID guest level 40000001,  0: 0x31237648 0x00000000 0x00000000 0x00000000
2023-09-16T03:02:19.703Z In(05) vmx guest vs. host CPUID guest level 40000003,  0: 0x00000e7e 0x00000000 0x00000000 0x000a0528
2023-09-16T03:02:19.703Z In(05) vmx guest vs. host CPUID guest level 40000004,  0: 0x00000220 0x00000000 0x00000000 0x00000000
2023-09-16T03:02:19.703Z In(05) vmx guest vs. host CPUID guest level 40000005,  0: 0xffffffff 0x00000000 0x00000000 0x00000000
2023-09-16T03:02:19.703Z In(05) vmx guest vs. host CPUID guest level 40000010,  0: 0x0024ea03 0x000101d0 0x00000002 0x00000000
2023-09-16T03:02:19.703Z In(05) vmx guest vs. host CPUID guest level 80000000,  0: 0x80000008 0x00000000 0x00000000 0x00000000
2023-09-16T03:02:19.703Z In(05) vmx guest vs. host CPUID guest level 80000001,  0: 0x00000000 0x00000000 0x00000121 0x2c100800
2023-09-16T03:02:19.703Z In(05) vmx guest vs. host CPUID guest level 80000002,  0: 0x68743131 0x6e654720 0x746e4920 0x52286c65
2023-09-16T03:02:19.703Z In(05) vmx guest vs. host CPUID guest level 80000003,  0: 0x6f432029 0x54286572 0x6920294d 0x31312d35
2023-09-16T03:02:19.703Z In(05) vmx guest vs. host CPUID guest level 80000004,  0: 0x37473533 0x32204020 0x4730342e 0x00007a48
2023-09-16T03:02:19.703Z In(05) vmx guest vs. host CPUID guest level 80000006,  0: 0x00000000 0x00000000 0x01007040 0x00000000
2023-09-16T03:02:19.703Z In(05) vmx guest vs. host CPUID guest level 80000007,  0: 0x00000000 0x00000000 0x00000000 0x00000100
2023-09-16T03:02:19.703Z In(05) vmx guest vs. host CPUID guest level 80000008,  0: 0x0000302d 0x00000000 0x00000000 0x00000000
2023-09-16T03:02:19.703Z In(05) vmx guest vs. host CPUID *host level 80000008,  0: 0x00003027 0x00000000 0x00000000 0x00000000
2023-09-16T03:02:19.703Z In(05) vmx Minimum ucode level: 0x0000008a
2023-09-16T03:02:19.703Z In(05) vmx VPMC: events will use hybrid freeze.
2023-09-16T03:02:19.703Z In(05) vmx VPMC: gen counters: num 8 mask 0xffffffffffff
2023-09-16T03:02:19.703Z In(05) vmx VPMC: fix counters: num 0 mask 0; version 1
2023-09-16T03:02:19.703Z In(05) vmx VPMC: hardware counters: 0
2023-09-16T03:02:19.703Z In(05) vmx VPMC: perf capabilities: 0x2000
2023-09-16T03:02:19.706Z In(05) vmx SVGA: Registering IOSpace at 0x1070
2023-09-16T03:02:19.706Z In(05) vmx SVGA-PCI: BAR gfbSize=134217728, fifoSize=8388608
2023-09-16T03:02:19.706Z In(05) vmx SVGA: SVGA_REG_MEMORY_SIZE=134217728
2023-09-16T03:02:19.706Z In(05) vmx SVGA: SVGA_REG_VRAM_SIZE=134217728
2023-09-16T03:02:19.706Z In(05) vmx SVGA: Final Device caps : 0xfdffc3e2
2023-09-16T03:02:19.706Z In(05) vmx SVGA: Final Device caps2: 0x0005efff
2023-09-16T03:02:19.706Z In(05) vmx BusMemSampleSetUpStats: touched: initPct 92 pages 0 : dirtied: initPct 90 pages 0
2023-09-16T03:02:19.707Z In(05) vmx FeatureCompat: Capabilities:
2023-09-16T03:02:19.707Z In(05) vmx Capability Found: cpuid.sse3 = 1
2023-09-16T03:02:19.707Z In(05) vmx Capability Found: cpuid.pclmulqdq = 1
2023-09-16T03:02:19.707Z In(05) vmx Capability Found: cpuid.ssse3 = 1
2023-09-16T03:02:19.707Z In(05) vmx Capability Found: cpuid.fma = 1
2023-09-16T03:02:19.707Z In(05) vmx Capability Found: cpuid.cmpxchg16b = 1
2023-09-16T03:02:19.707Z In(05) vmx Capability Found: cpuid.pcid = 1
2023-09-16T03:02:19.707Z In(05) vmx Capability Found: cpuid.sse41 = 1
2023-09-16T03:02:19.707Z In(05) vmx Capability Found: cpuid.sse42 = 1
2023-09-16T03:02:19.707Z In(05) vmx Capability Found: cpuid.movbe = 1
2023-09-16T03:02:19.707Z In(05) vmx Capability Found: cpuid.popcnt = 1
2023-09-16T03:02:19.707Z In(05) vmx Capability Found: cpuid.aes = 1
2023-09-16T03:02:19.707Z In(05) vmx Capability Found: cpuid.xsave = 1
2023-09-16T03:02:19.707Z In(05) vmx Capability Found: cpuid.avx = 1
2023-09-16T03:02:19.707Z In(05) vmx Capability Found: cpuid.f16c = 1
2023-09-16T03:02:19.707Z In(05) vmx Capability Found: cpuid.rdrand = 1
2023-09-16T03:02:19.707Z In(05) vmx Capability Found: cpuid.ss = 1
2023-09-16T03:02:19.707Z In(05) vmx Capability Found: cpuid.fsgsbase = 1
2023-09-16T03:02:19.707Z In(05) vmx Capability Found: cpuid.bmi1 = 1
2023-09-16T03:02:19.707Z In(05) vmx Capability Found: cpuid.avx2 = 1
2023-09-16T03:02:19.707Z In(05) vmx Capability Found: cpuid.smep = 1
2023-09-16T03:02:19.707Z In(05) vmx Capability Found: cpuid.bmi2 = 1
2023-09-16T03:02:19.707Z In(05) vmx Capability Found: cpuid.enfstrg = 1
2023-09-16T03:02:19.708Z In(05) vmx Capability Found: cpuid.invpcid = 1
2023-09-16T03:02:19.708Z In(05) vmx Capability Found: cpuid.avx512f = 1
2023-09-16T03:02:19.708Z In(05) vmx Capability Found: cpuid.avx512dq = 1
2023-09-16T03:02:19.708Z In(05) vmx Capability Found: cpuid.rdseed = 1
2023-09-16T03:02:19.708Z In(05) vmx Capability Found: cpuid.adx = 1
2023-09-16T03:02:19.708Z In(05) vmx Capability Found: cpuid.smap = 1
2023-09-16T03:02:19.708Z In(05) vmx Capability Found: cpuid.avx512ifma = 1
2023-09-16T03:02:19.708Z In(05) vmx Capability Found: cpuid.clflushopt = 1
2023-09-16T03:02:19.708Z In(05) vmx Capability Found: cpuid.clwb = 1
2023-09-16T03:02:19.708Z In(05) vmx Capability Found: cpuid.avx512cd = 1
2023-09-16T03:02:19.708Z In(05) vmx Capability Found: cpuid.sha = 1
2023-09-16T03:02:19.708Z In(05) vmx Capability Found: cpuid.avx512bw = 1
2023-09-16T03:02:19.708Z In(05) vmx Capability Found: cpuid.avx512vl = 1
2023-09-16T03:02:19.708Z In(05) vmx Capability Found: cpuid.avx512vbmi = 1
2023-09-16T03:02:19.708Z In(05) vmx Capability Found: cpuid.umip = 1
2023-09-16T03:02:19.708Z In(05) vmx Capability Found: cpuid.pku = 1
2023-09-16T03:02:19.708Z In(05) vmx Capability Found: cpuid.avx512vbmi2 = 1
2023-09-16T03:02:19.708Z In(05) vmx Capability Found: cpuid.cet_ss = 1
2023-09-16T03:02:19.708Z In(05) vmx Capability Found: cpuid.gfni = 1
2023-09-16T03:02:19.708Z In(05) vmx Capability Found: cpuid.vaes = 1
2023-09-16T03:02:19.708Z In(05) vmx Capability Found: cpuid.vpclmulqdq = 1
2023-09-16T03:02:19.708Z In(05) vmx Capability Found: cpuid.avx512vnni = 1
2023-09-16T03:02:19.708Z In(05) vmx Capability Found: cpuid.avx512bitalg = 1
2023-09-16T03:02:19.708Z In(05) vmx Capability Found: cpuid.avx512vpopcntdq = 1
2023-09-16T03:02:19.708Z In(05) vmx Capability Found: cpuid.rdpid = 1
2023-09-16T03:02:19.708Z In(05) vmx Capability Found: cpuid.movdiri = 1
2023-09-16T03:02:19.708Z In(05) vmx Capability Found: cpuid.movdir64b = 1
2023-09-16T03:02:19.708Z In(05) vmx Capability Found: cpuid.fast_short_repmov = 1
2023-09-16T03:02:19.708Z In(05) vmx Capability Found: cpuid.avx512vp2intersect = 1
2023-09-16T03:02:19.708Z In(05) vmx Capability Found: cpuid.mdclear = 1
2023-09-16T03:02:19.708Z In(05) vmx Capability Found: cpuid.stibp = 1
2023-09-16T03:02:19.708Z In(05) vmx Capability Found: cpuid.fcmd = 1
2023-09-16T03:02:19.708Z In(05) vmx Capability Found: cpuid.ssbd = 1
2023-09-16T03:02:19.708Z In(05) vmx Capability Found: cpuid.xcr0_master_sse = 1
2023-09-16T03:02:19.708Z In(05) vmx Capability Found: cpuid.xcr0_master_ymm_h = 1
2023-09-16T03:02:19.708Z In(05) vmx Capability Found: cpuid.xcr0_master_opmask = 1
2023-09-16T03:02:19.708Z In(05) vmx Capability Found: cpuid.xcr0_master_zmm_h = 1
2023-09-16T03:02:19.708Z In(05) vmx Capability Found: cpuid.xcr0_master_hi16_zmm = 1
2023-09-16T03:02:19.708Z In(05) vmx Capability Found: cpuid.xcr0_master_pkru = 1
2023-09-16T03:02:19.708Z In(05) vmx Capability Found: cpuid.xsaveopt = 1
2023-09-16T03:02:19.708Z In(05) vmx Capability Found: cpuid.xsavec = 1
2023-09-16T03:02:19.708Z In(05) vmx Capability Found: cpuid.xgetbv_ecx1 = 1
2023-09-16T03:02:19.708Z In(05) vmx Capability Found: cpuid.xsaves = 1
2023-09-16T03:02:19.708Z In(05) vmx Capability Found: cpuid.xss_master_cet_u = 1
2023-09-16T03:02:19.708Z In(05) vmx Capability Found: cpuid.xss_master_cet_s = 1
2023-09-16T03:02:19.708Z In(05) vmx Capability Found: cpuid.xsaves_cet_u_sup_by_xss = 1
2023-09-16T03:02:19.708Z In(05) vmx Capability Found: cpuid.xsaves_cet_s_sup_by_xss = 1
2023-09-16T03:02:19.708Z In(05) vmx Capability Found: cpuid.lahf64 = 1
2023-09-16T03:02:19.708Z In(05) vmx Capability Found: cpuid.abm = 1
2023-09-16T03:02:19.708Z In(05) vmx Capability Found: cpuid.3dnprefetch = 1
2023-09-16T03:02:19.708Z In(05) vmx Capability Found: cpuid.nx = 1
2023-09-16T03:02:19.708Z In(05) vmx Capability Found: cpuid.pdpe1gb = 1
2023-09-16T03:02:19.708Z In(05) vmx Capability Found: cpuid.rdtscp = 1
2023-09-16T03:02:19.708Z In(05) vmx Capability Found: cpuid.lm = 1
2023-09-16T03:02:19.708Z In(05) vmx Capability Found: cpuid.intel = 1
2023-09-16T03:02:19.708Z In(05) vmx Capability Found: cpuid.ibrs = 1
2023-09-16T03:02:19.708Z In(05) vmx Capability Found: cpuid.ibpb = 1
2023-09-16T03:02:19.708Z In(05) vmx Capability Found: cpuid.mwait = 1
2023-09-16T03:02:19.708Z In(05) vmx Capability Found: cpuid.vmx = 1
2023-09-16T03:02:19.708Z In(05) vmx Capability Found: cpuid.ds = 1
2023-09-16T03:02:19.708Z In(05) vmx Capability Found: cpuid.pqe = 1
2023-09-16T03:02:19.708Z In(05) vmx Capability Found: cpuid.cet_ibt = 1
2023-09-16T03:02:19.708Z In(05) vmx Capability Found: cpuid.xcr0_master_bndregs = 1
2023-09-16T03:02:19.708Z In(05) vmx Capability Found: cpuid.xcr0_master_bndcsr = 1
2023-09-16T03:02:19.708Z In(05) vmx Capability Found: misc.rdcl_no = 1
2023-09-16T03:02:19.708Z In(05) vmx Capability Found: misc.ibrs_all = 1
2023-09-16T03:02:19.708Z In(05) vmx Capability Found: misc.rsba_no = 1
2023-09-16T03:02:19.708Z In(05) vmx Capability Found: misc.mds_no = 1
2023-09-16T03:02:19.708Z In(05) vmx Capability Found: hv.capable = 1
2023-09-16T03:02:19.709Z In(05) vmx Capability Found: vt.realmode = 1
2023-09-16T03:02:19.709Z In(05) vmx Capability Found: vt.mbx = 1
2023-09-16T03:02:19.709Z In(05) vmx Capability Found: misc.cpuidfaulting = 1
2023-09-16T03:02:19.709Z In(05) vmx Capability Found: vt.advexitinfo = 1
2023-09-16T03:02:19.709Z In(05) vmx Capability Found: vt.eptad = 1
2023-09-16T03:02:19.709Z In(05) vmx Capability Found: vt.ple = 1
2023-09-16T03:02:19.709Z In(05) vmx Capability Found: vt.zeroinstlen = 1
2023-09-16T03:02:19.709Z In(05) vmx Capability Found: vt.ignserrcode = 1
2023-09-16T03:02:19.709Z In(05) vmx Capability Found: vt.eptsss = 1
2023-09-16T03:02:19.709Z In(05) vmx Capability Found: svga0*svga.supports3d = 1
2023-09-16T03:02:19.709Z In(05) vmx Capability Found: svga0*svga.basecapslevel = 9
2023-09-16T03:02:19.709Z In(05) vmx Capability Found: svga0*svga.maxpointsize = 1
2023-09-16T03:02:19.709Z In(05) vmx Capability Found: svga0*svga.maxtexturesize = 0x4000
2023-09-16T03:02:19.709Z In(05) vmx Capability Found: svga0*svga.maxvolumeextent = 0x800
2023-09-16T03:02:19.709Z In(05) vmx Capability Found: svga0*svga.maxtextureanisotropy = 0x10
2023-09-16T03:02:19.709Z In(05) vmx Capability Found: svga0*svga.dxmaxconstantbuffers = 0xf
2023-09-16T03:02:19.709Z In(05) vmx Capability Found: svga0*svga.sm41 = 1
2023-09-16T03:02:19.709Z In(05) vmx Capability Found: svga0*svga.multisample2x = 1
2023-09-16T03:02:19.709Z In(05) vmx Capability Found: svga0*svga.multisample4x = 1
2023-09-16T03:02:19.709Z In(05) vmx Capability Found: svga0*svga.msfullquality = 1
2023-09-16T03:02:19.709Z In(05) vmx Capability Found: svga0*svga.logicops = 1
2023-09-16T03:02:19.709Z In(05) vmx Capability Found: svga0*svga.bc67 = 9
2023-09-16T03:02:19.709Z In(05) vmx Capability Found: svga0*svga.sm5 = 1
2023-09-16T03:02:19.709Z In(05) vmx Capability Found: svga0*svga.multisample8x = 1
2023-09-16T03:02:19.709Z In(05) vmx Capability Found: svga0*svga.maxforcedsamplecount = 0x10
2023-09-16T03:02:19.709Z In(05) vmx Capability Found: svga0*svga.gl43 = 1
2023-09-16T03:02:19.709Z In(05) vmx FeatureCompat: Requirements:
2023-09-16T03:02:19.709Z In(05) vmx VM Features Required: cpuid.sse3 - Bool:Min:1
2023-09-16T03:02:19.709Z In(05) vmx VM Features Required: cpuid.pclmulqdq - Bool:Min:1
2023-09-16T03:02:19.709Z In(05) vmx VM Features Required: cpuid.ssse3 - Bool:Min:1
2023-09-16T03:02:19.709Z In(05) vmx VM Features Required: cpuid.fma - Bool:Min:1
2023-09-16T03:02:19.709Z In(05) vmx VM Features Required: cpuid.cmpxchg16b - Bool:Min:1
2023-09-16T03:02:19.709Z In(05) vmx VM Features Required: cpuid.pcid - Bool:Min:1
2023-09-16T03:02:19.709Z In(05) vmx VM Features Required: cpuid.sse41 - Bool:Min:1
2023-09-16T03:02:19.709Z In(05) vmx VM Features Required: cpuid.sse42 - Bool:Min:1
2023-09-16T03:02:19.709Z In(05) vmx VM Features Required: cpuid.movbe - Bool:Min:1
2023-09-16T03:02:19.709Z In(05) vmx VM Features Required: cpuid.popcnt - Bool:Min:1
2023-09-16T03:02:19.709Z In(05) vmx VM Features Required: cpuid.aes - Bool:Min:1
2023-09-16T03:02:19.709Z In(05) vmx VM Features Required: cpuid.xsave - Bool:Min:1
2023-09-16T03:02:19.709Z In(05) vmx VM Features Required: cpuid.avx - Bool:Min:1
2023-09-16T03:02:19.709Z In(05) vmx VM Features Required: cpuid.f16c - Bool:Min:1
2023-09-16T03:02:19.709Z In(05) vmx VM Features Required: cpuid.rdrand - Bool:Min:1
2023-09-16T03:02:19.709Z In(05) vmx VM Features Required: cpuid.ss - Bool:Min:1
2023-09-16T03:02:19.709Z In(05) vmx VM Features Required: cpuid.fsgsbase - Bool:Min:1
2023-09-16T03:02:19.709Z In(05) vmx VM Features Required: cpuid.bmi1 - Bool:Min:1
2023-09-16T03:02:19.709Z In(05) vmx VM Features Required: cpuid.avx2 - Bool:Min:1
2023-09-16T03:02:19.709Z In(05) vmx VM Features Required: cpuid.smep - Bool:Min:1
2023-09-16T03:02:19.709Z In(05) vmx VM Features Required: cpuid.bmi2 - Bool:Min:1
2023-09-16T03:02:19.709Z In(05) vmx VM Features Required: cpuid.enfstrg - Bool:Min:1
2023-09-16T03:02:19.709Z In(05) vmx VM Features Required: cpuid.invpcid - Bool:Min:1
2023-09-16T03:02:19.709Z In(05) vmx VM Features Required: cpuid.avx512f - Bool:Min:1
2023-09-16T03:02:19.709Z In(05) vmx VM Features Required: cpuid.avx512dq - Bool:Min:1
2023-09-16T03:02:19.709Z In(05) vmx VM Features Required: cpuid.rdseed - Bool:Min:1
2023-09-16T03:02:19.709Z In(05) vmx VM Features Required: cpuid.adx - Bool:Min:1
2023-09-16T03:02:19.709Z In(05) vmx VM Features Required: cpuid.smap - Bool:Min:1
2023-09-16T03:02:19.709Z In(05) vmx VM Features Required: cpuid.avx512ifma - Bool:Min:1
2023-09-16T03:02:19.709Z In(05) vmx VM Features Required: cpuid.clflushopt - Bool:Min:1
2023-09-16T03:02:19.709Z In(05) vmx VM Features Required: cpuid.clwb - Bool:Min:1
2023-09-16T03:02:19.709Z In(05) vmx VM Features Required: cpuid.avx512cd - Bool:Min:1
2023-09-16T03:02:19.709Z In(05) vmx VM Features Required: cpuid.sha - Bool:Min:1
2023-09-16T03:02:19.709Z In(05) vmx VM Features Required: cpuid.avx512bw - Bool:Min:1
2023-09-16T03:02:19.709Z In(05) vmx VM Features Required: cpuid.avx512vl - Bool:Min:1
2023-09-16T03:02:19.709Z In(05) vmx VM Features Required: cpuid.avx512vbmi - Bool:Min:1
2023-09-16T03:02:19.709Z In(05) vmx VM Features Required: cpuid.umip - Bool:Min:1
2023-09-16T03:02:19.709Z In(05) vmx VM Features Required: cpuid.pku - Bool:Min:1
2023-09-16T03:02:19.709Z In(05) vmx VM Features Required: cpuid.avx512vbmi2 - Bool:Min:1
2023-09-16T03:02:19.709Z In(05) vmx VM Features Required: cpuid.cet_ss - Bool:Min:1
2023-09-16T03:02:19.709Z In(05) vmx VM Features Required: cpuid.gfni - Bool:Min:1
2023-09-16T03:02:19.710Z In(05) vmx VM Features Required: cpuid.vaes - Bool:Min:1
2023-09-16T03:02:19.710Z In(05) vmx VM Features Required: cpuid.vpclmulqdq - Bool:Min:1
2023-09-16T03:02:19.710Z In(05) vmx VM Features Required: cpuid.avx512vnni - Bool:Min:1
2023-09-16T03:02:19.710Z In(05) vmx VM Features Required: cpuid.avx512bitalg - Bool:Min:1
2023-09-16T03:02:19.710Z In(05) vmx VM Features Required: cpuid.avx512vpopcntdq - Bool:Min:1
2023-09-16T03:02:19.710Z In(05) vmx VM Features Required: cpuid.rdpid - Bool:Min:1
2023-09-16T03:02:19.710Z In(05) vmx VM Features Required: cpuid.movdiri - Bool:Min:1
2023-09-16T03:02:19.710Z In(05) vmx VM Features Required: cpuid.movdir64b - Bool:Min:1
2023-09-16T03:02:19.710Z In(05) vmx VM Features Required: cpuid.fast_short_repmov - Bool:Min:1
2023-09-16T03:02:19.710Z In(05) vmx VM Features Required: cpuid.avx512vp2intersect - Bool:Min:1
2023-09-16T03:02:19.710Z In(05) vmx VM Features Required: cpuid.mdclear - Bool:Min:1
2023-09-16T03:02:19.710Z In(05) vmx VM Features Required: cpuid.stibp - Bool:Min:1
2023-09-16T03:02:19.710Z In(05) vmx VM Features Required: cpuid.fcmd - Bool:Min:1
2023-09-16T03:02:19.710Z In(05) vmx VM Features Required: cpuid.ssbd - Bool:Min:1
2023-09-16T03:02:19.710Z In(05) vmx VM Features Required: cpuid.xcr0_master_sse - Bool:Min:1
2023-09-16T03:02:19.710Z In(05) vmx VM Features Required: cpuid.xcr0_master_ymm_h - Bool:Min:1
2023-09-16T03:02:19.710Z In(05) vmx VM Features Required: cpuid.xcr0_master_opmask - Bool:Min:1
2023-09-16T03:02:19.710Z In(05) vmx VM Features Required: cpuid.xcr0_master_zmm_h - Bool:Min:1
2023-09-16T03:02:19.710Z In(05) vmx VM Features Required: cpuid.xcr0_master_hi16_zmm - Bool:Min:1
2023-09-16T03:02:19.710Z In(05) vmx VM Features Required: cpuid.xcr0_master_pkru - Bool:Min:1
2023-09-16T03:02:19.710Z In(05) vmx VM Features Required: cpuid.xsaveopt - Bool:Min:1
2023-09-16T03:02:19.710Z In(05) vmx VM Features Required: cpuid.xsavec - Bool:Min:1
2023-09-16T03:02:19.710Z In(05) vmx VM Features Required: cpuid.xgetbv_ecx1 - Bool:Min:1
2023-09-16T03:02:19.710Z In(05) vmx VM Features Required: cpuid.xsaves - Bool:Min:1
2023-09-16T03:02:19.710Z In(05) vmx VM Features Required: cpuid.xss_master_cet_u - Bool:Min:1
2023-09-16T03:02:19.710Z In(05) vmx VM Features Required: cpuid.xss_master_cet_s - Bool:Min:1
2023-09-16T03:02:19.710Z In(05) vmx VM Features Required: cpuid.xsaves_cet_u_sup_by_xss - Bool:Min:1
2023-09-16T03:02:19.710Z In(05) vmx VM Features Required: cpuid.xsaves_cet_s_sup_by_xss - Bool:Min:1
2023-09-16T03:02:19.710Z In(05) vmx VM Features Required: cpuid.lahf64 - Bool:Min:1
2023-09-16T03:02:19.710Z In(05) vmx VM Features Required: cpuid.abm - Bool:Min:1
2023-09-16T03:02:19.710Z In(05) vmx VM Features Required: cpuid.3dnprefetch - Bool:Min:1
2023-09-16T03:02:19.710Z In(05) vmx VM Features Required: cpuid.nx - Bool:Min:1
2023-09-16T03:02:19.710Z In(05) vmx VM Features Required: cpuid.pdpe1gb - Bool:Min:1
2023-09-16T03:02:19.710Z In(05) vmx VM Features Required: cpuid.rdtscp - Bool:Min:1
2023-09-16T03:02:19.710Z In(05) vmx VM Features Required: cpuid.lm - Bool:Min:1
2023-09-16T03:02:19.710Z In(05) vmx VM Features Required: cpuid.intel - Bool:Min:1
2023-09-16T03:02:19.710Z In(05) vmx VM Features Required: cpuid.ibrs - Bool:Min:1
2023-09-16T03:02:19.710Z In(05) vmx VM Features Required: cpuid.ibpb - Bool:Min:1
2023-09-16T03:02:19.710Z In(05) vmx VM Features Required: misc.rdcl_no - Bool:Min:1
2023-09-16T03:02:19.710Z In(05) vmx VM Features Required: misc.ibrs_all - Bool:Min:1
2023-09-16T03:02:19.710Z In(05) vmx VM Features Required: misc.rsba_no - Bool:Min:1
2023-09-16T03:02:19.710Z In(05) vmx VM Features Required: misc.mds_no - Bool:Min:1
2023-09-16T03:02:19.710Z In(05) vmx VM Features Required: svga*svga.supports3d - Bool:Min:1
2023-09-16T03:02:19.710Z In(05) vmx VM Features Required: svga*svga.basecapslevel - Num:Min:9
2023-09-16T03:02:19.710Z In(05) vmx VM Features Required: svga*svga.maxpointsize - Num:Min:1
2023-09-16T03:02:19.710Z In(05) vmx VM Features Required: svga*svga.maxtexturesize - Num:Min:0x4000
2023-09-16T03:02:19.710Z In(05) vmx VM Features Required: svga*svga.maxvolumeextent - Num:Min:0x800
2023-09-16T03:02:19.710Z In(05) vmx VM Features Required: svga*svga.maxtextureanisotropy - Num:Min:0x10
2023-09-16T03:02:19.710Z In(05) vmx VM Features Required: svga*svga.dxmaxconstantbuffers - Num:Min:0xf
2023-09-16T03:02:19.710Z In(05) vmx VM Features Required: svga*svga.sm41 - Bool:Min:1
2023-09-16T03:02:19.710Z In(05) vmx VM Features Required: svga*svga.multisample2x - Bool:Min:1
2023-09-16T03:02:19.710Z In(05) vmx VM Features Required: svga*svga.multisample4x - Bool:Min:1
2023-09-16T03:02:19.710Z In(05) vmx VM Features Required: svga*svga.msfullquality - Bool:Min:1
2023-09-16T03:02:19.710Z In(05) vmx VM Features Required: svga*svga.logicops - Bool:Min:1
2023-09-16T03:02:19.710Z In(05) vmx VM Features Required: svga*svga.bc67 - Num:Min:9
2023-09-16T03:02:19.710Z In(05) vmx VM Features Required: svga*svga.sm5 - Bool:Min:1
2023-09-16T03:02:19.710Z In(05) vmx VM Features Required: svga*svga.multisample8x - Bool:Min:1
2023-09-16T03:02:19.710Z In(05) vmx VM Features Required: svga*svga.maxforcedsamplecount - Num:Min:0x10
2023-09-16T03:02:19.710Z In(05) vmx VM Features Required: svga*svga.gl43 - Bool:Min:1
2023-09-16T03:02:19.718Z In(05) vmx TOOLS received request in VMX to set option 'enableDnD' -> '1'
2023-09-16T03:02:19.721Z In(05) vmx 
2023-09-16T03:02:19.721Z In(05)+ vmx OvhdMem: Static (Power On) Overheads
2023-09-16T03:02:19.721Z In(05) vmx                                                       reserved      |          used
2023-09-16T03:02:19.721Z In(05) vmx OvhdMem excluded                                  cur    max    avg |    cur    max    avg
2023-09-16T03:02:19.721Z In(05) vmx OvhdMem OvhdUser_MainMem                    :  1048576 1048576      - | 1031814 1031814      -
2023-09-16T03:02:19.721Z In(05) vmx OvhdMem OvhdUser_VmxText                    :    7680   7680      - |      0      0      -
2023-09-16T03:02:19.721Z In(05) vmx OvhdMem OvhdUser_VmxTextLibs                :   16000  16000      - |      0      0      -
2023-09-16T03:02:19.722Z In(05) vmx OvhdMem Total excluded                      :  1072256 1072256      - |      -      -      -
2023-09-16T03:02:19.722Z In(05) vmx OvhdMem Actual maximum                      :         1072256        |             -
2023-09-16T03:02:19.722Z In(05)+ vmx 
2023-09-16T03:02:19.722Z In(05) vmx                                                       reserved      |          used
2023-09-16T03:02:19.722Z In(05) vmx OvhdMem paged                                     cur    max    avg |    cur    max    avg
2023-09-16T03:02:19.722Z In(05) vmx OvhdMem OvhdUser_STATS_vmm                  :       4      4      - |      0      0      -
2023-09-16T03:02:19.722Z In(05) vmx OvhdMem OvhdUser_STATS_device               :       2      2      - |      0      0      -
2023-09-16T03:02:19.722Z In(05) vmx OvhdMem OvhdUser_SvgaMobFallback            :  1048576 1048576      - |      0      0      -
2023-09-16T03:02:19.722Z In(05) vmx OvhdMem OvhdUser_DiskLibMemUsed             :    3075   3075      - |      0      0      -
2023-09-16T03:02:19.722Z In(05) vmx OvhdMem OvhdUser_SvgaSurfaceTable           :    2944   2944      - |    385    385      -
2023-09-16T03:02:19.722Z In(05) vmx OvhdMem OvhdUser_SvgaBESurfaceTable         :     196    196      - |    196    196      -
2023-09-16T03:02:19.722Z In(05) vmx OvhdMem OvhdUser_SvgaSDirtyCache            :      96     96      - |      0      0      -
2023-09-16T03:02:19.722Z In(05) vmx OvhdMem OvhdUser_SvgaShaderTable            :    1000   1000      - |    193    193      -
2023-09-16T03:02:19.722Z In(05) vmx OvhdMem OvhdUser_SvgaShaderText             :    2304   2304      - |      0      0      -
2023-09-16T03:02:19.722Z In(05) vmx OvhdMem OvhdUser_SvgaContextCache           :    1405   1405      - |      0      0      -
2023-09-16T03:02:19.722Z In(05) vmx OvhdMem OvhdUser_SvgaDXRTViewTable          :      31     31      - |      0      0      -
2023-09-16T03:02:19.722Z In(05) vmx OvhdMem OvhdUser_SvgaDXDSViewTable          :      16     16      - |      0      0      -
2023-09-16T03:02:19.722Z In(05) vmx OvhdMem OvhdUser_SvgaDXSRViewTable          :    1021   1021      - |    193    193      -
2023-09-16T03:02:19.722Z In(05) vmx OvhdMem OvhdUser_SvgaDXUAViewTable          :      70     70      - |      0      0      -
2023-09-16T03:02:19.722Z In(05) vmx OvhdMem OvhdUser_SvgaDXBlendStateTable      :      31     31      - |      0      0      -
2023-09-16T03:02:19.722Z In(05) vmx OvhdMem OvhdUser_SvgaDXElementLayoutTable   :     199    199      - |      0      0      -
2023-09-16T03:02:19.722Z In(05) vmx OvhdMem OvhdUser_SvgaDXDepthStencilTable    :      19     19      - |      0      0      -
2023-09-16T03:02:19.722Z In(05) vmx OvhdMem OvhdUser_SvgaDXRasterizerStateTable :      19     19      - |      0      0      -
2023-09-16T03:02:19.722Z In(05) vmx OvhdMem OvhdUser_SvgaDXSamplerTable         :     141    141      - |      0      0      -
2023-09-16T03:02:19.722Z In(05) vmx OvhdMem OvhdUser_SvgaDXContextTable         :    1472   1472      - |      0      0      -
2023-09-16T03:02:19.722Z In(05) vmx OvhdMem OvhdUser_SvgaDXShaderTable          :     241    241      - |      0      0      -
2023-09-16T03:02:19.722Z In(05) vmx OvhdMem OvhdUser_SvgaDXShaderText           :    4352   4352      - |      0      0      -
2023-09-16T03:02:19.722Z In(05) vmx OvhdMem OvhdUser_SvgaDXStreamOutTable       :     516    516      - |      0      0      -
2023-09-16T03:02:19.722Z In(05) vmx OvhdMem OvhdUser_SvgaDXQueryTable           :     132    132      - |      0      0      -
2023-09-16T03:02:19.722Z In(05) vmx OvhdMem OvhdUser_SvgaVAProcessorTable       :       1      1      - |      0      0      -
2023-09-16T03:02:19.722Z In(05) vmx OvhdMem OvhdUser_SvgaVADecoderTable         :       1      1      - |      0      0      -
2023-09-16T03:02:19.722Z In(05) vmx OvhdMem OvhdUser_SvgaCursor                 :      10     10      - |     10     10      -
2023-09-16T03:02:19.722Z In(05) vmx OvhdMem OvhdUser_SvgaPPNList                :    1026   1026      - |      0      0      -
2023-09-16T03:02:19.722Z In(05) vmx OvhdMem OvhdUser_VmxGlobals                 :   10240  10240      - |      0      0      -
2023-09-16T03:02:19.722Z In(05) vmx OvhdMem OvhdUser_VmxGlobalsLibs             :    3584   3584      - |      0      0      -
2023-09-16T03:02:19.722Z In(05) vmx OvhdMem OvhdUser_VmxHeap                    :   10752  10752      - |      0      0      -
2023-09-16T03:02:19.722Z In(05) vmx OvhdMem OvhdUser_VmxMks                     :      33     33      - |      0      0      -
2023-09-16T03:02:19.722Z In(05) vmx OvhdMem OvhdUser_VmxMksRenderOps            :    3494   3494      - |   2540   2540      -
2023-09-16T03:02:19.722Z In(05) vmx OvhdMem OvhdUser_VmxMks3d                   :  2711552 2711552      - |      0      0      -
2023-09-16T03:02:19.722Z In(05) vmx OvhdMem OvhdUser_VmxMksLLVM                 :   12288  12288      - |      0      0      -
2023-09-16T03:02:19.722Z In(05) vmx OvhdMem OvhdUser_VmxMksScreenTemp           :   69890  69890      - |      0      0      -
2023-09-16T03:02:19.722Z In(05) vmx OvhdMem OvhdUser_VmxMksVnc                  :   74936  74936      - |      0      0      -
2023-09-16T03:02:19.722Z In(05) vmx OvhdMem OvhdUser_VmxMksScreen               :  131075 131075      - |      0      0      -
2023-09-16T03:02:19.722Z In(05) vmx OvhdMem OvhdUser_VmxMksSVGAVO               :    4096   4096      - |      0      0      -
2023-09-16T03:02:19.722Z In(05) vmx OvhdMem OvhdUser_VmxMksSwbCursor            :    2560   2560      - |      0      0      -
2023-09-16T03:02:19.722Z In(05) vmx OvhdMem OvhdUser_VmxPhysMemErrPages         :      10     10      - |      0      0      -
2023-09-16T03:02:19.722Z In(05) vmx OvhdMem OvhdUser_VmxSLEntryBuf              :     128    128      - |      0      0      -
2023-09-16T03:02:19.722Z In(05) vmx OvhdMem OvhdUser_VmxThreads                 :   36864  36864      - |      0      0      -
2023-09-16T03:02:19.722Z In(05) vmx OvhdMem Total paged                         :  4140402 4140402      - |   3517   3517      -
2023-09-16T03:02:19.722Z In(05) vmx OvhdMem Actual maximum                      :         4140402        |        4140402
2023-09-16T03:02:19.722Z In(05)+ vmx 
2023-09-16T03:02:19.722Z In(05) vmx                                                       reserved      |          used
2023-09-16T03:02:19.722Z In(05) vmx OvhdMem nonpaged                                  cur    max    avg |    cur    max    avg
2023-09-16T03:02:19.722Z In(05) vmx OvhdMem OvhdUser_SharedArea                 :     156    156      - |    137    137      -
2023-09-16T03:02:19.722Z In(05) vmx OvhdMem OvhdUser_BusMemTraceBitmap          :      38     38      - |      0      0      -
2023-09-16T03:02:19.722Z In(05) vmx OvhdMem OvhdUser_PFrame                     :    2263   3328      - |   2263   2263      -
2023-09-16T03:02:19.722Z In(05) vmx OvhdMem OvhdUser_VIDE_KSEG                  :      16     16      - |     16     16      -
2023-09-16T03:02:19.722Z In(05) vmx OvhdMem OvhdUser_VGA                        :      64     64      - |     64     64      -
2023-09-16T03:02:19.722Z In(05) vmx OvhdMem OvhdUser_BalloonMPN                 :       1      1      - |      1      1      -
2023-09-16T03:02:19.722Z In(05) vmx OvhdMem OvhdUser_P2MUpdateBuffer            :       3      3      - |      0      0      -
2023-09-16T03:02:19.722Z In(05) vmx OvhdMem OvhdUser_ServicesMPN                :       3      3      - |      3      3      -
2023-09-16T03:02:19.722Z In(05) vmx OvhdMem OvhdUser_LocalApic                  :       2      2      - |      2      2      -
2023-09-16T03:02:19.722Z In(05) vmx OvhdMem OvhdUser_VBIOS                      :       8      8      - |      0      0      -
2023-09-16T03:02:19.722Z In(05) vmx OvhdMem OvhdUser_SBIOS                      :      16     16      - |      0      0      -
2023-09-16T03:02:19.722Z In(05) vmx OvhdMem OvhdUser_AHCIBIOS                   :      16     16      - |      0      0      -
2023-09-16T03:02:19.723Z In(05) vmx OvhdMem OvhdUser_AHCIREGS                   :       1      1      - |      1      1      -
2023-09-16T03:02:19.723Z In(05) vmx OvhdMem OvhdUser_NVMEBIOS                   :       2      2      - |      0      0      -
2023-09-16T03:02:19.723Z In(05) vmx OvhdMem OvhdUser_FlashRam                   :     128    128      - |      0      0      -
2023-09-16T03:02:19.723Z In(05) vmx OvhdMem OvhdUser_SVGAFB                     :   32768  32768      - |      0      0      -
2023-09-16T03:02:19.723Z In(05) vmx OvhdMem OvhdUser_SVGAMEM                    :      64    512      - |      0      0      -
2023-09-16T03:02:19.723Z In(05) vmx OvhdMem OvhdUser_HDAudioReg                 :       3      3      - |      0      0      -
2023-09-16T03:02:19.723Z In(05) vmx OvhdMem OvhdUser_EHCIRegister               :       1      1      - |      1      1      -
2023-09-16T03:02:19.723Z In(05) vmx OvhdMem OvhdUser_XhciRegister               :       1      1      - |      0      0      -
2023-09-16T03:02:19.723Z In(05) vmx OvhdMem OvhdUser_HyperV                     :       2      2      - |      0      0      -
2023-09-16T03:02:19.723Z In(05) vmx OvhdMem OvhdUser_ExtCfg                     :       4      4      - |      0      0      -
2023-09-16T03:02:19.723Z In(05) vmx OvhdMem OvhdUser_vhvCachedVMCS              :       2      2      - |      0      0      -
2023-09-16T03:02:19.723Z In(05) vmx OvhdMem OvhdUser_vhvNestedAPIC              :       2      2      - |      0      0      -
2023-09-16T03:02:19.723Z In(05) vmx OvhdMem OvhdUser_LBR                        :       2      2      - |      0      0      -
2023-09-16T03:02:19.723Z In(05) vmx OvhdMem OvhdUser_MonWired                   :      53     53      - |     53     53      -
2023-09-16T03:02:19.723Z In(05) vmx OvhdMem OvhdUser_MonNuma                    :     254    254      - |      0      0      -
2023-09-16T03:02:19.723Z In(05) vmx OvhdMem OvhdUser_NVDC                       :       1      1      - |      0      0      -
2023-09-16T03:02:19.723Z In(05) vmx OvhdMem Total nonpaged                      :   35874  37387      - |   2541   2541      -
2023-09-16T03:02:19.723Z In(05) vmx OvhdMem Actual maximum                      :          35874        |         37387
2023-09-16T03:02:19.723Z In(05)+ vmx 
2023-09-16T03:02:19.723Z In(05) vmx                                                       reserved      |          used
2023-09-16T03:02:19.723Z In(05) vmx OvhdMem anonymous                                 cur    max    avg |    cur    max    avg
2023-09-16T03:02:19.723Z In(05) vmx OvhdMem OvhdMon_Alloc                       :     196    196      - |      0      0      -
2023-09-16T03:02:19.723Z In(05) vmx OvhdMem OvhdMon_BusMemFrame                 :    1121   1178      - |      0      0      -
2023-09-16T03:02:19.723Z In(05) vmx OvhdMem OvhdMon_BusMem2MInfo                :      16     16      - |      0      0      -
2023-09-16T03:02:19.723Z In(05) vmx OvhdMem OvhdMon_BusMem1GInfo                :       1      1      - |      0      0      -
2023-09-16T03:02:19.723Z In(05) vmx OvhdMem OvhdMon_BusMemZapListMPN            :       1      1      - |      0      0      -
2023-09-16T03:02:19.723Z In(05) vmx OvhdMem OvhdMon_BusMemPreval                :       8      8      - |      0      0      -
2023-09-16T03:02:19.723Z In(05) vmx OvhdMem OvhdMon_MonAS                       :       2      2      - |      0      0      -
2023-09-16T03:02:19.723Z In(05) vmx OvhdMem OvhdMon_GuestMem                    :      80     80      - |      0      0      -
2023-09-16T03:02:19.723Z In(05) vmx OvhdMem OvhdMon_TC                          :    1026   1026      - |      0      0      -
2023-09-16T03:02:19.723Z In(05) vmx OvhdMem OvhdMon_BusMemMonAS                 :       6      6      - |      0      0      -
2023-09-16T03:02:19.723Z In(05) vmx OvhdMem OvhdMon_PlatformMonAS               :       9      9      - |      0      0      -
2023-09-16T03:02:19.723Z In(05) vmx OvhdMem OvhdMon_HVNuma                      :       4      4      - |      0      0      -
2023-09-16T03:02:19.723Z In(05) vmx OvhdMem OvhdMon_HV                          :       2      2      - |      0      0      -
2023-09-16T03:02:19.723Z In(05) vmx OvhdMem OvhdMon_HVMSRBitmap                 :       1      1      - |      0      0      -
2023-09-16T03:02:19.723Z In(05) vmx OvhdMem OvhdMon_VHVGuestMSRBitmap           :       2      2      - |      0      0      -
2023-09-16T03:02:19.723Z In(05) vmx OvhdMem OvhdMon_VHV                         :       6      6      - |      0      0      -
2023-09-16T03:02:19.723Z In(05) vmx OvhdMem OvhdMon_Numa                        :      30     30      - |      0      0      -
2023-09-16T03:02:19.723Z In(05) vmx OvhdMem OvhdMon_NumaTextRodata              :     200    200      - |      0      0      -
2023-09-16T03:02:19.723Z In(05) vmx OvhdMem OvhdMon_NumaDataBss                 :      54     54      - |      0      0      -
2023-09-16T03:02:19.723Z In(05) vmx OvhdMem OvhdMon_BaseWired                   :      58     58      - |      0      0      -
2023-09-16T03:02:19.723Z In(05) vmx OvhdMem OvhdMon_Bootstrap                   :    2303   2303      - |      0      0      -
2023-09-16T03:02:19.723Z In(05) vmx OvhdMem OvhdMon_GPhysTraced                 :     477    477      - |      0      0      -
2023-09-16T03:02:19.723Z In(05) vmx OvhdMem OvhdMon_GPhysHWMMU                  :    2380   2380      - |      0      0      -
2023-09-16T03:02:19.723Z In(05) vmx OvhdMem OvhdMon_GPhysNoTrace                :     266    266      - |      0      0      -
2023-09-16T03:02:19.723Z In(05) vmx OvhdMem OvhdMon_PhysMemGart                 :     104    104      - |      0      0      -
2023-09-16T03:02:19.723Z In(05) vmx OvhdMem OvhdMon_PhysMemErr                  :       7      7      - |      0      0      -
2023-09-16T03:02:19.723Z In(05) vmx OvhdMem OvhdMon_VProbe                      :       1      1      - |      0      0      -
2023-09-16T03:02:19.723Z In(05) vmx OvhdMem Total anonymous                     :    8361   8418      - |      0      0      -
2023-09-16T03:02:19.723Z In(05) vmx OvhdMem Actual maximum                      :           8361        |          8418
2023-09-16T03:02:19.723Z In(05)+ vmx 
2023-09-16T03:02:19.723Z In(05) vmx VMMEM: Precise Reservation: 16346MB (MainMem=4096MB)
2023-09-16T03:02:19.724Z In(05) vmx VMXSTATS: Registering 4 stats: vmx.overheadMemSize
2023-09-16T03:02:19.724Z In(05) vmx Vix: [mainDispatch.c:1058]: VMAutomation_PowerOn. Powering on.
2023-09-16T03:02:19.726Z In(05) vmx VMX_PowerOn: ModuleTable_PowerOn = 1
2023-09-16T03:02:19.726Z No(00) vmx ConfigDB: Setting cleanShutdown = "FALSE"
2023-09-16T03:02:19.726Z No(00) vmx ConfigDB: Setting softPowerOff = "FALSE"
2023-09-16T03:02:19.796Z In(05) vcpu-0 VTHREAD 5948 "vcpu-0"
2023-09-16T03:02:19.806Z In(05) vcpu-0 MonTimer APIC:0/0 vec: 0
2023-09-16T03:02:19.806Z In(05) vcpu-0 APIC: version = 0x15, max LVT = 6, LDR = 0x4, DFR = 0xffffffff
2023-09-16T03:02:19.807Z In(05) vcpu-0 Active HV capabilities
2023-09-16T03:02:19.807Z In(05) vcpu-0    Virtual interrupt delivery
2023-09-16T03:02:19.807Z In(05) vcpu-0    XAPIC MMIO virtualization
2023-09-16T03:02:19.807Z In(05) vcpu-0    Full decode
2023-09-16T03:02:19.807Z In(05) vcpu-0    Nested paging A/D bits
2023-09-16T03:02:19.807Z In(05) vcpu-0    Real-address mode
2023-09-16T03:02:19.807Z In(05) vcpu-0    Skip debug state
2023-09-16T03:02:19.807Z In(05) vcpu-0    X2APIC virtualization
2023-09-16T03:02:19.807Z In(05) vcpu-0    TPR MMIO virtualization
2023-09-16T03:02:19.807Z In(05) vcpu-0    Page-modification logging
2023-09-16T03:02:19.807Z In(05) vcpu-0    PAUSE-loop exiting
2023-09-16T03:02:19.807Z In(05) vcpu-0    TSC scaling
2023-09-16T03:02:19.807Z In(05) vcpu-0    Advanced exit information for EPT violations
2023-09-16T03:02:19.807Z In(05) vcpu-0    Mode-based execute control for nested paging
2023-09-16T03:02:19.807Z In(05) vcpu-0    EPT-violation virtualization exception
2023-09-16T03:02:19.807Z In(05) vcpu-0    Event injection with instruction length zero
2023-09-16T03:02:19.807Z In(05) vcpu-0    CET Shadow Stacks
2023-09-16T03:02:19.816Z In(05) vcpu-0 TSC scaling ratio: 0001_000000000000 (mult=2147483648, shift=31)
2023-09-16T03:02:19.819Z In(05) vcpu-1 VTHREAD 13956 "vcpu-1"
2023-09-16T03:02:19.819Z In(05) vcpu-1 MonTimer APIC:0/0 vec: 0
2023-09-16T03:02:19.819Z In(05) vcpu-1 APIC: version = 0x15, max LVT = 6, LDR = 0x1, DFR = 0xffffffff
2023-09-16T03:02:19.820Z In(05) vcpu-1 TSC scaling ratio: 0001_000000000000 (mult=2147483648, shift=31)
2023-09-16T03:02:19.821Z In(05) vcpu-0 GuestRpc: Using vsocket for TCLO messaging is disabled.
2023-09-16T03:02:19.823Z In(05) vcpu-0 DISKUTIL: nvme0:0 : capacity=167772160 logical sector size=512
2023-09-16T03:02:19.824Z In(05) vcpu-0 memoryHotplug: Node 0: Present: 4095 MB (100 %) Size:65535 MB (100 %)
2023-09-16T03:02:19.824Z In(05) vcpu-0 PIIX4: PM Resuming from suspend type 0x5, chipset.onlineStandby 0
2023-09-16T03:02:19.824Z In(05) vcpu-0 SOUNDLIB: Creating the Wave sound backend.
2023-09-16T03:02:19.824Z In(05) vcpu-0 HDAudio: HDAudioConnectDisconnect: primary backend: wave, fallback backend: dummy.
2023-09-16T03:02:19.825Z In(05) vcpu-0 VNET: 'ethernet0' enable link state propagation, lsp.state = 5
2023-09-16T03:02:19.826Z In(05) vcpu-0 VNET: MACVNetConnectToNetwork 'ethernet0' lsp.state = 4
2023-09-16T03:02:19.826Z In(05) vcpu-0 VNET: MACVNetConnectToNetwork 'Ethernet0' notify available.
2023-09-16T03:02:19.826Z In(05) vcpu-0 E1000: e1000e-- tx queue 1 is enabled.
2023-09-16T03:02:19.826Z In(05) vcpu-0 CDROM: Connecting sata0:1 to 'Windows.iso'. type=2 remote=0
2023-09-16T03:02:19.828Z In(05) vcpu-0 DMG_Open: Not an unencrypted .dmg file (footer signature 0x00000000).
2023-09-16T03:02:19.828Z In(05) vcpu-0 DMG_Close: max cached entries 8
2023-09-16T03:02:19.828Z In(05) vcpu-0 CDROM: Checking initial physical media state...
2023-09-16T03:02:19.828Z In(05) vcpu-0 CDROM:  initial physical CDROM state is 1 (sense)
2023-09-16T03:02:19.829Z In(05) vcpu-0 HGFSPublish: publishing 0 shares
2023-09-16T03:02:19.832Z In(05) vcpu-0 Win32U_GetFileAttributes: GetFileAttributesExW("D:\Windows 10 test.vmpl", ...) failed, error: 2
2023-09-16T03:02:19.832Z In(05) vcpu-0 PolicyVMXFindPolicyKey: policy file does not exist.
2023-09-16T03:02:19.835Z In(05) vcpu-0 Intel VT: FlexPriority enabled, VPID enabled.
2023-09-16T03:02:19.836Z In(05) worker-7760 MainMem: Begin lazy IO (1048576 pages, 1048576 done, 1 threads, bio = 0).
2023-09-16T03:02:19.836Z In(05) worker-7760 MainMem: End lazy IO (1048576 done, sync = 0, error = 0).
2023-09-16T03:02:19.836Z In(05) vcpu-0 USB: Disconnecting missing device on usb port 0.
2023-09-16T03:02:19.838Z In(05) vcpu-0 SVGA: Registering MemSpace at 0xe8000000(0xe8000000) and 0xfe000000(0xfe000000)
2023-09-16T03:02:19.839Z In(05) vcpu-0 SVGA: FIFO is already mapped
2023-09-16T03:02:19.839Z In(05) vcpu-0 TSC scaling ratio: 0001_000000000000 (mult=2147483648, shift=31)
2023-09-16T03:02:19.840Z In(05) vcpu-0 Vix: [mainDispatch.c:4213]: VMAutomation_ReportPowerOpFinished: statevar=0, newAppState=1872, success=1 additionalError=0
2023-09-16T03:02:19.840Z In(05) vcpu-0 Vix: [mainDispatch.c:4130]: VMAutomationReportPowerStateChange: Reporting power state change (opcode=0, err=0).
2023-09-16T03:02:19.840Z In(05) vcpu-0 Vix: [mainDispatch.c:4130]: VMAutomationReportPowerStateChange: Reporting power state change (opcode=2, err=0).
2023-09-16T03:02:19.841Z In(05) vcpu-0 Transitioned vmx/execState/val to poweredOn
2023-09-16T03:02:19.841Z In(05) vcpu-0 Tools: Adding Tools inactivity timer.
2023-09-16T03:02:19.842Z In(05) vmx VUsbUpdateVigorFieldsAndAutoconnect: New set of 1 USB devices
2023-09-16T03:02:19.842Z In(05) vmx USB: Found device [name:Virtual\ Bluetooth\ Adapter vid:0e0f pid:0008 speed:full family:wireless,bluetooth deviceType:virtual-bluetooth info:0000001 version:5]
2023-09-16T03:02:19.844Z In(05) vmx VNET: MACVNetLinkStateEventHandler: event, up:1, adapter:0
2023-09-16T03:02:19.844Z In(05) vmx VNET: MACVNetLinkStateEventHandler: 'ethernet0' state from 4 to 6.
2023-09-16T03:02:19.844Z In(05) vmx MainMem: Completed pending lazy checkpoint restore (1).
2023-09-16T03:02:19.844Z In(05) vmx CPT: Deleting checkpoint state, 'D:\Windows 10 test-0b87dbff.vmss'.
2023-09-16T03:02:19.863Z In(05) vmx VUsbUpdateVigorFieldsAndAutoconnect: New set of 4 USB devices
2023-09-16T03:02:19.863Z In(05) vmx USB: Found device [name:720p\ HD\ Camera vid:2b7e pid:b514 path:1/1/6 speed:high family:video instanceId:USB\\VID_2B7E&PID_B514\\INTEGRATED_CAMERA serialnum:INTEGRATED_CAMERA arbRuntimeKey:1 version:5]
2023-09-16T03:02:19.863Z In(05) vmx USB: Found device [name:Shenzhen\ Goodix\ FingerPrint vid:27c6 pid:5e0a path:1/1/8 speed:full family:vendor instanceId:USB\\VID_27C6&PID_5E0A\\5&64164BB&0&9 arbRuntimeKey:2 version:5]
2023-09-16T03:02:19.863Z In(05) vmx USB: Found device [name:Intel(R)\ Wireless\ Bluetooth(R) vid:8087 pid:0026 path:1/1/9 speed:full family:wireless,bluetooth instanceId:USB\\VID_8087&PID_0026\\5&64164BB&0&10 arbRuntimeKey:3 version:5]
2023-09-16T03:02:19.863Z In(05) vmx USB: Found device [name:Virtual\ Bluetooth\ Adapter vid:0e0f pid:0008 speed:full family:wireless,bluetooth deviceType:virtual-bluetooth info:0000001 version:5]
2023-09-16T03:02:19.864Z In(05) vcpu-0 Preparing for SPEC_CTRL Guest MSR write (0x48) passthrough.
2023-09-16T03:02:19.886Z In(05) mks MKSControlMgr: connected
2023-09-16T03:02:19.892Z In(05) mks SWBWindow: Number of MKSWindows changed: 1 rendering MKSWindow(s) of total 1.
2023-09-16T03:02:19.892Z In(05) mks SWBWindow: Window 0 Defined: src screenId=-1, src xywh(0, 0, 1024, 768) dest xywh(0, 0, 1024, 768) pixelScale=1, flags=0xF
2023-09-16T03:02:19.894Z In(05) vcpu-0 CPT: vmstart
2023-09-16T03:02:19.894Z In(05) vcpu-1 CPT: vmstart
2023-09-16T03:02:19.903Z In(05) vcpu-1 Guest MSR write (0x49: 0x1)
2023-09-16T03:02:19.907Z In(05) mks DXGIPresentation: Enumerating adapter 0
2023-09-16T03:02:19.908Z In(05) mks DXGIPresentation: `Intel(R) Iris(R) Xe Graphics` vendor=0x8086 device=0x9a49 revision=1
2023-09-16T03:02:19.908Z In(05) mks DXGIPresentation: video=128MB system=0MB shared=3987MB
2023-09-16T03:02:19.908Z In(05) mks DXGIPresentation: LOCAL     budget  3588M usage     0M avail  1894M res     0M
2023-09-16T03:02:19.908Z In(05) mks DXGIPresentation: NON-LOCAL budget     0M usage     0M avail     0M res     0M
2023-09-16T03:02:19.937Z In(05) deviceThread DDB: "longContentID" = "2c562191adabeb3fc6d76a397dc4804a" (was "61d40a945cffc1c619d2f3cd76533753")
2023-09-16T03:02:20.063Z In(05) vmx USB: Connecting device desc:name:Virtual\ Bluetooth\ Adapter vid:0e0f pid:0008 speed:full family:wireless,bluetooth deviceType:virtual-bluetooth info:0000001 version:5 id:0x700000010e0f0008
2023-09-16T03:02:20.091Z In(05) vmx WORKER: Creating new group with maxThreads=16 (34)
2023-09-16T03:02:20.092Z In(05) vmx VUsbUpdateVigorFieldsAndAutoconnect: New set of 4 USB devices
2023-09-16T03:02:20.092Z In(05) vmx USB: Found device [name:720p\ HD\ Camera vid:2b7e pid:b514 path:1/1/6 speed:high family:video instanceId:USB\\VID_2B7E&PID_B514\\INTEGRATED_CAMERA serialnum:INTEGRATED_CAMERA arbRuntimeKey:1 version:5]
2023-09-16T03:02:20.092Z In(05) vmx USB: Found device [name:Shenzhen\ Goodix\ FingerPrint vid:27c6 pid:5e0a path:1/1/8 speed:full family:vendor instanceId:USB\\VID_27C6&PID_5E0A\\5&64164BB&0&9 arbRuntimeKey:2 version:5]
2023-09-16T03:02:20.092Z In(05) vmx USB: Found device [name:Intel(R)\ Wireless\ Bluetooth(R) vid:8087 pid:0026 path:1/1/9 speed:full family:wireless,bluetooth instanceId:USB\\VID_8087&PID_0026\\5&64164BB&0&10 arbRuntimeKey:3 version:5]
2023-09-16T03:02:20.092Z In(05) vmx USB: Found device [name:Virtual\ Bluetooth\ Adapter vid:0e0f pid:0008 speed:full family:wireless,bluetooth virtPath:usb:0 deviceType:virtual-bluetooth info:0000001 version:5], connected to usb port 0.
2023-09-16T03:02:20.127Z In(05) mks DXGIPresentation: Using device unknown; adapter `Intel(R) Iris(R) Xe Graphics`
2023-09-16T03:02:20.127Z In(05) mks DXGIPresentation: Enumerating adapter 1
2023-09-16T03:02:20.127Z In(05) mks DXGIPresentation: `Microsoft Basic Render Driver` vendor=0x1414 device=0x008c revision=0
2023-09-16T03:02:20.127Z In(05) mks DXGIPresentation: video=0MB system=0MB shared=3987MB
2023-09-16T03:02:20.127Z In(05) mks DXGIPresentation: LOCAL     budget  3588M usage     0M avail  1894M res     0M
2023-09-16T03:02:20.127Z In(05) mks DXGIPresentation: NON-LOCAL budget     0M usage     0M avail     0M res     0M
2023-09-16T03:02:20.150Z In(05) mks MKS-HWinMux: Started DXGI presentation backend.
2023-09-16T03:02:20.150Z In(05) mks SWBWindow: Number of MKSWindows changed: 1 rendering MKSWindow(s) of total 2.
2023-09-16T03:02:20.150Z In(05) mks SWBWindow: Window 1 Defined: src screenId=-1, src xywh(0, 0, 1024, 768) dest xywh(0, 0, 1024, 768) pixelScale=1, flags=0x10
2023-09-16T03:02:20.151Z In(05) mks SWBWindow: Window #0 validation failed: no valid host window or host surface.
2023-09-16T03:02:20.151Z In(05) mks SWBVmdb: Destroy SWB Window Id #0 because an invalid MKSWindow definition is received from UI over VMDB.
2023-09-16T03:02:20.151Z In(05) mks SWBWindow: Window 0 Destroyed: src screenId=-1, src xywh(0, 0, 1024, 768) dest xywh(0, 0, 1024, 768) pixelScale=1, flags=0xF
2023-09-16T03:02:20.152Z In(05) mks SWBWindow: Number of MKSWindows changed: 0 rendering MKSWindow(s) of total 1.
2023-09-16T03:02:20.152Z In(05) mks MKS-VMDB: VMDB requested a screenshot
2023-09-16T03:02:20.164Z In(05) svga MKSScreenShotMgr: Taking a screenshot
2023-09-16T03:02:20.171Z In(05) vmx VNET: MACVNetLinkStateTimerHandler: 'ethernet0' state from 6 to 1.
2023-09-16T03:02:20.855Z In(05) mks SWBWindow: Number of MKSWindows changed: 1 rendering MKSWindow(s) of total 2.
2023-09-16T03:02:20.855Z In(05) mks SWBWindow: Window 0 Defined: src screenId=-1, src xywh(0, 0, 1024, 768) dest xywh(0, 0, 1024, 768) pixelScale=1, flags=0xF
2023-09-16T03:02:26.086Z In(05) vmx VNET: MACVNetLinkStateTimerHandler: 'ethernet0' state from 1 to 5.
2023-09-16T03:03:26.864Z In(05) vcpu-1 E1000: e1000e-- tx queue 1 is enabled.
2023-09-16T03:05:19.938Z In(05) vmx GuestRpcSendTimedOut: message to toolbox timed out.
2023-09-16T03:05:19.940Z In(05) vmx Vix: [guestCommands.c:1945]: Error VIX_E_TOOLS_NOT_RUNNING in VMAutomationTranslateGuestRpcError(): VMware Tools are not running in the guest
2023-09-16T03:06:06.950Z In(05) vmx DISKLIB-LIB   : numIOs = 50000 numMergedIOs = 7940 numSplitIOs = 579
2023-09-16T03:12:19.838Z In(05) vmx GuestRpcSendTimedOut: message to toolbox timed out.
2023-09-16T03:12:19.840Z Wa(03) vmx ToolsTimeSyncRpcCompletionRoutine: Timeout while sending guestrpc
2023-09-16T03:12:19.841Z In(05) vmx Tools: No activity for 10 minutes, resetting Tools version.
2023-09-16T03:12:19.841Z In(05) vmx Tools_SetVersionAndType did nothing; new tools version (0) and type (0) match old Tools version and type
2023-09-16T03:16:52.813Z In(05) vmx DISKLIB-LIB   : numIOs = 100000 numMergedIOs = 17644 numSplitIOs = 1946
2023-09-16T03:23:13.954Z In(05) vmx DISKLIB-LIB   : numIOs = 150000 numMergedIOs = 22758 numSplitIOs = 2217
2023-09-16T03:29:04.823Z In(05) vmx DISKLIB-LIB   : numIOs = 200000 numMergedIOs = 28946 numSplitIOs = 2358
2023-09-16T03:32:20.974Z In(05) vmx MemSched: caller 0 numvm 1 locked pages: num 1049819 max 1586944
2023-09-16T03:32:20.974Z In(05) vmx MemSched: locked Page Limit: host 1647828 config 1595136
2023-09-16T03:32:20.974Z In(05) vmx MemSched: minmempct 50  timestamp 28336
2023-09-16T03:32:20.974Z In(05) vmx MemSched: VM 0 min 566218 max 1090506 shares 1048576 paged 4140402 nonpaged 35874 anonymous 6056 locked 1049819 touchedPct 34 dirtiedPct 13 timestamp 28336 vmResponsive is 1
2023-09-16T03:32:20.974Z In(05) vmx MemSched: locked 1049819 target 1090506 balloon 0 0 0 swapped 3959 0 allocd 8 512 state 0 100
2023-09-16T03:32:20.974Z In(05) vmx MemSched: states: 0 1801 : 1 0 : 2 0 : 3 0
2023-09-16T03:32:20.975Z In(05) vmx MemSched: Balloon enabled 1 guestType 0 maxSize 0
2023-09-16T03:35:10.634Z In(05) vmx DISKLIB-LIB   : numIOs = 250000 numMergedIOs = 33087 numSplitIOs = 2498
2023-09-16T03:39:03.996Z In(05) vmx DISKLIB-LIB   : numIOs = 300000 numMergedIOs = 35859 numSplitIOs = 2756
2023-09-16T03:39:19.677Z In(05) vmx DISKLIB-LIB   : numIOs = 350000 numMergedIOs = 36019 numSplitIOs = 2776
2023-09-16T03:45:47.446Z In(05) vmx DISKLIB-LIB   : numIOs = 400000 numMergedIOs = 44087 numSplitIOs = 3754
2023-09-16T03:49:08.823Z In(05) vmx DISKLIB-LIB   : numIOs = 450000 numMergedIOs = 46139 numSplitIOs = 3927
2023-09-16T03:49:55.664Z In(05) vmx DISKLIB-LIB   : numIOs = 500000 numMergedIOs = 48991 numSplitIOs = 3959
2023-09-16T03:52:05.827Z In(05) vcpu-1 CDROM: Emulate GET CONFIGURATION RT 0 starting feature 0
2023-09-16T03:52:05.829Z In(05) vcpu-0 CDROM sata0:1: CMD 0x52 (*UNKNOWN (0x52)*) FAILED (key 0x5 asc 0x20 ascq 0)
2023-09-16T04:02:26.386Z In(05) vmx MemSched: caller 0 numvm 1 locked pages: num 1043581 max 1586944
2023-09-16T04:02:26.386Z In(05) vmx MemSched: locked Page Limit: host 1662612 config 1595136
2023-09-16T04:02:26.386Z In(05) vmx MemSched: minmempct 50  timestamp 30141
2023-09-16T04:02:26.386Z In(05) vmx MemSched: VM 0 min 566218 max 1090506 shares 1048576 paged 4140402 nonpaged 35874 anonymous 6056 locked 1043581 touchedPct 14 dirtiedPct 2 timestamp 30141 vmResponsive is 1
2023-09-16T04:02:26.386Z In(05) vmx MemSched: locked 1043581 target 1090506 balloon 0 0 0 swapped 10331 0 allocd 0 512 state 0 100
2023-09-16T04:02:26.386Z In(05) vmx MemSched: states: 0 3601 : 1 0 : 2 0 : 3 0
2023-09-16T04:02:26.387Z In(05) vmx MemSched: Balloon enabled 1 guestType 0 maxSize 0
2023-09-16T04:32:38.535Z In(05) vmx MemSched: caller 0 numvm 1 locked pages: num 1000821 max 1475639
2023-09-16T04:32:38.539Z In(05) vmx MemSched: locked Page Limit: host 1483831 config 1595136
2023-09-16T04:32:38.539Z In(05) vmx MemSched: minmempct 50  timestamp 31953
2023-09-16T04:32:38.539Z In(05) vmx MemSched: VM 0 min 566218 max 1090506 shares 1048576 paged 4140402 nonpaged 35874 anonymous 6056 locked 1000821 touchedPct 5 dirtiedPct 1 timestamp 31953 vmResponsive is 1
2023-09-16T04:32:38.539Z In(05) vmx MemSched: locked 1000821 target 1090506 balloon 0 0 0 swapped 53076 0 allocd 0 512 state 0 100
2023-09-16T04:32:38.539Z In(05) vmx MemSched: states: 0 5401 : 1 0 : 2 0 : 3 0
2023-09-16T04:32:38.539Z In(05) vmx MemSched: Balloon enabled 1 guestType 0 maxSize 0
2023-09-16T05:01:48.865Z In(05) vmx DISKLIB-LIB   : numIOs = 550000 numMergedIOs = 57025 numSplitIOs = 5826
2023-09-16T05:02:46.457Z In(05) vmx DISKLIB-LIB   : numIOs = 600000 numMergedIOs = 67622 numSplitIOs = 9885
2023-09-16T05:02:49.471Z In(05) vmx MemSched: caller 0 numvm 1 locked pages: num 1001329 max 1441557
2023-09-16T05:02:49.471Z In(05) vmx MemSched: locked Page Limit: host 1449749 config 1595136
2023-09-16T05:02:49.471Z In(05) vmx MemSched: minmempct 50  timestamp 33764
2023-09-16T05:02:49.471Z In(05) vmx MemSched: VM 0 min 566218 max 1090506 shares 1048576 paged 4140402 nonpaged 35874 anonymous 6056 locked 1001329 touchedPct 21 dirtiedPct 5 timestamp 33764 vmResponsive is 1
2023-09-16T05:02:49.471Z In(05) vmx MemSched: locked 1001329 target 1090506 balloon 0 0 0 swapped 52577 0 allocd 43 512 state 0 100
2023-09-16T05:02:49.471Z In(05) vmx MemSched: states: 0 7201 : 1 0 : 2 0 : 3 0
2023-09-16T05:02:49.471Z In(05) vmx MemSched: Balloon enabled 1 guestType 0 maxSize 0
2023-09-16T05:03:07.873Z In(05) vcpu-1 E1000: e1000e-- tx queue 1 is enabled.
2023-09-16T05:04:11.064Z In(05) vmx DISKLIB-LIB   : numIOs = 650000 numMergedIOs = 70837 numSplitIOs = 10459
2023-09-16T05:05:49.465Z In(05) vmx DISKLIB-LIB   : numIOs = 700000 numMergedIOs = 72370 numSplitIOs = 10543
2023-09-16T05:07:10.091Z In(05) vmx DISKLIB-LIB   : numIOs = 750000 numMergedIOs = 74293 numSplitIOs = 10685
2023-09-16T05:08:23.493Z In(05) vmx DISKLIB-LIB   : numIOs = 800000 numMergedIOs = 75373 numSplitIOs = 10728
2023-09-16T05:10:10.816Z In(05) vmx DISKLIB-LIB   : numIOs = 850000 numMergedIOs = 77558 numSplitIOs = 10834
2023-09-16T05:12:16.220Z In(05) vmx DISKLIB-LIB   : numIOs = 900000 numMergedIOs = 79837 numSplitIOs = 11029
2023-09-16T05:14:00.233Z In(05) vmx DISKLIB-LIB   : numIOs = 950000 numMergedIOs = 82189 numSplitIOs = 11159
2023-09-16T05:15:15.380Z In(05) vmx DISKLIB-LIB   : numIOs = 1000000 numMergedIOs = 83360 numSplitIOs = 11184
2023-09-16T05:17:14.125Z In(05) vmx DISKLIB-LIB   : numIOs = 1050000 numMergedIOs = 90621 numSplitIOs = 13447
2023-09-16T05:19:00.863Z In(05) vmx DISKLIB-LIB   : numIOs = 1100000 numMergedIOs = 99152 numSplitIOs = 15896
2023-09-16T05:32:52.632Z In(05) vmx MemSched: caller 0 numvm 1 locked pages: num 1031161 max 1453306
2023-09-16T05:32:52.637Z In(05) vmx MemSched: locked Page Limit: host 1461498 config 1595136
2023-09-16T05:32:52.637Z In(05) vmx MemSched: minmempct 50  timestamp 35569
2023-09-16T05:32:52.637Z In(05) vmx MemSched: VM 0 min 566218 max 1090506 shares 1048576 paged 4140402 nonpaged 35874 anonymous 6056 locked 1031161 touchedPct 9 dirtiedPct 0 timestamp 35569 vmResponsive is 1
2023-09-16T05:32:52.637Z In(05) vmx MemSched: locked 1031161 target 1090506 balloon 0 0 0 swapped 22784 0 allocd 0 512 state 0 100
2023-09-16T05:32:52.637Z In(05) vmx MemSched: states: 0 9001 : 1 0 : 2 0 : 3 0
2023-09-16T05:32:52.639Z In(05) vmx MemSched: Balloon enabled 1 guestType 0 maxSize 0
2023-09-16T06:03:04.262Z In(05) vmx MemSched: caller 0 numvm 1 locked pages: num 986677 max 1586944
2023-09-16T06:03:04.266Z In(05) vmx MemSched: locked Page Limit: host 1619011 config 1595136
2023-09-16T06:03:04.266Z In(05) vmx MemSched: minmempct 50  timestamp 37381
2023-09-16T06:03:04.266Z In(05) vmx MemSched: VM 0 min 566218 max 1090506 shares 1048576 paged 4140402 nonpaged 35874 anonymous 6056 locked 986677 touchedPct 8 dirtiedPct 2 timestamp 37381 vmResponsive is 1
2023-09-16T06:03:04.266Z In(05) vmx MemSched: locked 986677 target 1090506 balloon 0 0 0 swapped 67270 0 allocd 0 512 state 0 100
2023-09-16T06:03:04.266Z In(05) vmx MemSched: states: 0 10801 : 1 0 : 2 0 : 3 0
2023-09-16T06:03:04.267Z In(05) vmx MemSched: Balloon enabled 1 guestType 0 maxSize 0
2023-09-16T06:33:15.320Z In(05) vmx MemSched: caller 0 numvm 1 locked pages: num 961100 max 1586944
2023-09-16T06:33:15.322Z In(05) vmx MemSched: locked Page Limit: host 1638433 config 1595136
2023-09-16T06:33:15.322Z In(05) vmx MemSched: minmempct 50  timestamp 39192
2023-09-16T06:33:15.322Z In(05) vmx MemSched: VM 0 min 566218 max 1090506 shares 1048576 paged 4140402 nonpaged 35874 anonymous 6056 locked 961100 touchedPct 4 dirtiedPct 1 timestamp 39192 vmResponsive is 1
2023-09-16T06:33:15.322Z In(05) vmx MemSched: locked 961100 target 1090506 balloon 0 0 0 swapped 92849 0 allocd 0 512 state 0 100
2023-09-16T06:33:15.322Z In(05) vmx MemSched: states: 0 12601 : 1 0 : 2 0 : 3 0
2023-09-16T06:33:15.323Z In(05) vmx MemSched: Balloon enabled 1 guestType 0 maxSize 0
2023-09-16T07:03:27.726Z In(05) vmx MemSched: caller 0 numvm 1 locked pages: num 918498 max 1586944
2023-09-16T07:03:27.729Z In(05) vmx MemSched: locked Page Limit: host 1606678 config 1595136
2023-09-16T07:03:27.729Z In(05) vmx MemSched: minmempct 50  timestamp 41004
2023-09-16T07:03:27.729Z In(05) vmx MemSched: VM 0 min 566218 max 1090506 shares 1048576 paged 4140402 nonpaged 35874 anonymous 6056 locked 918498 touchedPct 7 dirtiedPct 2 timestamp 41004 vmResponsive is 1
2023-09-16T07:03:27.729Z In(05) vmx MemSched: locked 918498 target 1090506 balloon 0 0 0 swapped 135473 0 allocd 4 512 state 0 100
2023-09-16T07:03:27.729Z In(05) vmx MemSched: states: 0 14401 : 1 0 : 2 0 : 3 0
2023-09-16T07:03:27.730Z In(05) vmx MemSched: Balloon enabled 1 guestType 0 maxSize 0
2023-09-16T07:33:39.308Z In(05) vmx MemSched: caller 0 numvm 1 locked pages: num 900147 max 1414857
2023-09-16T07:33:39.313Z In(05) vmx MemSched: locked Page Limit: host 1423049 config 1595136
2023-09-16T07:33:39.313Z In(05) vmx MemSched: minmempct 50  timestamp 42816
2023-09-16T07:33:39.313Z In(05) vmx MemSched: VM 0 min 566218 max 1090506 shares 1048576 paged 4140402 nonpaged 35874 anonymous 6056 locked 900147 touchedPct 5 dirtiedPct 0 timestamp 42816 vmResponsive is 1
2023-09-16T07:33:39.313Z In(05) vmx MemSched: locked 900147 target 1090506 balloon 0 0 0 swapped 153800 0 allocd 0 512 state 0 100
2023-09-16T07:33:39.313Z In(05) vmx MemSched: states: 0 16201 : 1 0 : 2 0 : 3 0
2023-09-16T07:33:39.314Z In(05) vmx MemSched: Balloon enabled 1 guestType 0 maxSize 0
2023-09-16T08:03:51.342Z In(05) vmx MemSched: caller 0 numvm 1 locked pages: num 856535 max 1414281
2023-09-16T08:03:51.346Z In(05) vmx MemSched: locked Page Limit: host 1422473 config 1595136
2023-09-16T08:03:51.346Z In(05) vmx MemSched: minmempct 50  timestamp 44628
2023-09-16T08:03:51.346Z In(05) vmx MemSched: VM 0 min 566218 max 1090506 shares 1048576 paged 4140402 nonpaged 35874 anonymous 6056 locked 856535 touchedPct 8 dirtiedPct 1 timestamp 44628 vmResponsive is 1
2023-09-16T08:03:51.346Z In(05) vmx MemSched: locked 856535 target 1090506 balloon 0 0 0 swapped 197435 0 allocd 0 512 state 0 100
2023-09-16T08:03:51.346Z In(05) vmx MemSched: states: 0 18001 : 1 0 : 2 0 : 3 0
2023-09-16T08:03:51.346Z In(05) vmx MemSched: Balloon enabled 1 guestType 0 maxSize 0
2023-09-16T08:34:02.310Z In(05) vmx MemSched: caller 0 numvm 1 locked pages: num 840341 max 1432448
2023-09-16T08:34:02.310Z In(05) vmx MemSched: locked Page Limit: host 1440640 config 1595136
2023-09-16T08:34:02.310Z In(05) vmx MemSched: minmempct 50  timestamp 46439
2023-09-16T08:34:02.310Z In(05) vmx MemSched: VM 0 min 566218 max 1090506 shares 1048576 paged 4140402 nonpaged 35874 anonymous 6056 locked 840341 touchedPct 9 dirtiedPct 1 timestamp 46439 vmResponsive is 1
2023-09-16T08:34:02.310Z In(05) vmx MemSched: locked 840341 target 1090506 balloon 0 0 0 swapped 213604 0 allocd 0 512 state 0 100
2023-09-16T08:34:02.322Z In(05) vmx MemSched: states: 0 19801 : 1 0 : 2 0 : 3 0
2023-09-16T08:34:02.322Z In(05) vmx MemSched: Balloon enabled 1 guestType 0 maxSize 0
2023-09-16T09:04:13.368Z In(05) vmx MemSched: caller 0 numvm 1 locked pages: num 796951 max 1398412
2023-09-16T09:04:13.368Z In(05) vmx MemSched: locked Page Limit: host 1406604 config 1595136
2023-09-16T09:04:13.368Z In(05) vmx MemSched: minmempct 50  timestamp 48250
2023-09-16T09:04:13.368Z In(05) vmx MemSched: VM 0 min 566218 max 1090506 shares 1048576 paged 4140402 nonpaged 35874 anonymous 6056 locked 796951 touchedPct 9 dirtiedPct 3 timestamp 48250 vmResponsive is 1
2023-09-16T09:04:13.368Z In(05) vmx MemSched: locked 796951 target 1090506 balloon 0 0 0 swapped 257016 0 allocd 1 512 state 0 100
2023-09-16T09:04:13.368Z In(05) vmx MemSched: states: 0 21601 : 1 0 : 2 0 : 3 0
2023-09-16T09:04:13.368Z In(05) vmx MemSched: Balloon enabled 1 guestType 0 maxSize 0
2023-09-16T09:34:24.279Z In(05) vmx MemSched: caller 0 numvm 1 locked pages: num 781616 max 1406708
2023-09-16T09:34:24.279Z In(05) vmx MemSched: locked Page Limit: host 1414900 config 1595136
2023-09-16T09:34:24.279Z In(05) vmx MemSched: minmempct 50  timestamp 50061
2023-09-16T09:34:24.279Z In(05) vmx MemSched: VM 0 min 566218 max 1090506 shares 1048576 paged 4140402 nonpaged 35874 anonymous 6056 locked 781616 touchedPct 5 dirtiedPct 0 timestamp 50061 vmResponsive is 1
2023-09-16T09:34:24.279Z In(05) vmx MemSched: locked 781616 target 1090506 balloon 0 0 0 swapped 272326 0 allocd 0 512 state 0 100
2023-09-16T09:34:24.279Z In(05) vmx MemSched: states: 0 23401 : 1 0 : 2 0 : 3 0
2023-09-16T09:34:24.279Z In(05) vmx MemSched: Balloon enabled 1 guestType 0 maxSize 0
2023-09-16T10:04:35.611Z In(05) vmx MemSched: caller 0 numvm 1 locked pages: num 739024 max 1452784
2023-09-16T10:04:35.612Z In(05) vmx MemSched: locked Page Limit: host 1460976 config 1595136
2023-09-16T10:04:35.612Z In(05) vmx MemSched: minmempct 50  timestamp 51872
2023-09-16T10:04:35.623Z In(05) vmx MemSched: VM 0 min 566218 max 1090506 shares 1048576 paged 4140402 nonpaged 35874 anonymous 6056 locked 739024 touchedPct 3 dirtiedPct 0 timestamp 51872 vmResponsive is 1
2023-09-16T10:04:35.623Z In(05) vmx MemSched: locked 739024 target 1090506 balloon 0 0 0 swapped 314918 0 allocd 2 512 state 0 100
2023-09-16T10:04:35.623Z In(05) vmx MemSched: states: 0 25201 : 1 0 : 2 0 : 3 0
2023-09-16T10:04:35.623Z In(05) vmx MemSched: Balloon enabled 1 guestType 0 maxSize 0
2023-09-16T10:34:47.335Z In(05) vmx MemSched: caller 0 numvm 1 locked pages: num 725761 max 1469652
2023-09-16T10:34:47.335Z In(05) vmx MemSched: locked Page Limit: host 1477844 config 1595136
2023-09-16T10:34:47.335Z In(05) vmx MemSched: minmempct 50  timestamp 53684
2023-09-16T10:34:47.335Z In(05) vmx MemSched: VM 0 min 566218 max 1090506 shares 1048576 paged 4140402 nonpaged 35874 anonymous 6056 locked 725761 touchedPct 3 dirtiedPct 1 timestamp 53684 vmResponsive is 1
2023-09-16T10:34:47.335Z In(05) vmx MemSched: locked 725761 target 1090506 balloon 0 0 0 swapped 328203 0 allocd 1 512 state 0 100
2023-09-16T10:34:47.335Z In(05) vmx MemSched: states: 0 27001 : 1 0 : 2 0 : 3 0
2023-09-16T10:34:47.335Z In(05) vmx MemSched: Balloon enabled 1 guestType 0 maxSize 0
2023-09-16T10:59:43.905Z In(05) vmx DISKLIB-LIB   : numIOs = 1150000 numMergedIOs = 109290 numSplitIOs = 18527
2023-09-16T11:04:58.240Z In(05) vmx MemSched: caller 0 numvm 1 locked pages: num 685078 max 1440246
2023-09-16T11:04:58.240Z In(05) vmx MemSched: locked Page Limit: host 1448438 config 1595136
2023-09-16T11:04:58.240Z In(05) vmx MemSched: minmempct 50  timestamp 55495
2023-09-16T11:04:58.240Z In(05) vmx MemSched: VM 0 min 566218 max 1090506 shares 1048576 paged 4140402 nonpaged 35874 anonymous 6056 locked 685078 touchedPct 5 dirtiedPct 1 timestamp 55495 vmResponsive is 1
2023-09-16T11:04:58.240Z In(05) vmx MemSched: locked 685078 target 1090506 balloon 0 0 0 swapped 368885 0 allocd 0 512 state 0 100
2023-09-16T11:04:58.240Z In(05) vmx MemSched: states: 0 28801 : 1 0 : 2 0 : 3 0
2023-09-16T11:04:58.251Z In(05) vmx MemSched: Balloon enabled 1 guestType 0 maxSize 0
2023-09-16T11:35:10.007Z In(05) vmx MemSched: caller 0 numvm 1 locked pages: num 675219 max 1409286
2023-09-16T11:35:10.008Z In(05) vmx MemSched: locked Page Limit: host 1417478 config 1595136
2023-09-16T11:35:10.008Z In(05) vmx MemSched: minmempct 50  timestamp 57306
2023-09-16T11:35:10.008Z In(05) vmx MemSched: VM 0 min 566218 max 1090506 shares 1048576 paged 4140402 nonpaged 35874 anonymous 6056 locked 675219 touchedPct 3 dirtiedPct 0 timestamp 57306 vmResponsive is 1
2023-09-16T11:35:10.008Z In(05) vmx MemSched: locked 675219 target 1090506 balloon 0 0 0 swapped 378767 0 allocd 0 512 state 0 100
2023-09-16T11:35:10.008Z In(05) vmx MemSched: states: 0 30601 : 1 0 : 2 0 : 3 0
2023-09-16T11:35:10.008Z In(05) vmx MemSched: Balloon enabled 1 guestType 0 maxSize 0
2023-09-16T12:05:22.104Z In(05) vmx MemSched: caller 0 numvm 1 locked pages: num 632448 max 1435600
2023-09-16T12:05:22.104Z In(05) vmx MemSched: locked Page Limit: host 1443792 config 1595136
2023-09-16T12:05:22.104Z In(05) vmx MemSched: minmempct 50  timestamp 59118
2023-09-16T12:05:22.104Z In(05) vmx MemSched: VM 0 min 566218 max 1090506 shares 1048576 paged 4140402 nonpaged 35874 anonymous 6056 locked 632448 touchedPct 4 dirtiedPct 0 timestamp 59118 vmResponsive is 1
2023-09-16T12:05:22.104Z In(05) vmx MemSched: locked 632448 target 1090506 balloon 0 0 0 swapped 421538 0 allocd 0 512 state 0 100
2023-09-16T12:05:22.104Z In(05) vmx MemSched: states: 0 32401 : 1 0 : 2 0 : 3 0
2023-09-16T12:05:22.104Z In(05) vmx MemSched: Balloon enabled 1 guestType 0 maxSize 0
2023-09-16T12:35:33.061Z In(05) vmx MemSched: caller 0 numvm 1 locked pages: num 624700 max 1327744
2023-09-16T12:35:33.061Z In(05) vmx MemSched: locked Page Limit: host 1335936 config 1595136
2023-09-16T12:35:33.061Z In(05) vmx MemSched: minmempct 50  timestamp 60929
2023-09-16T12:35:33.061Z In(05) vmx MemSched: VM 0 min 566218 max 1090506 shares 1048576 paged 4140402 nonpaged 35874 anonymous 6056 locked 624700 touchedPct 4 dirtiedPct 0 timestamp 60929 vmResponsive is 1
2023-09-16T12:35:33.072Z In(05) vmx MemSched: locked 624700 target 1090506 balloon 0 0 0 swapped 429261 0 allocd 1 512 state 0 100
2023-09-16T12:35:33.072Z In(05) vmx MemSched: states: 0 34201 : 1 0 : 2 0 : 3 0
2023-09-16T12:35:33.072Z In(05) vmx MemSched: Balloon enabled 1 guestType 0 maxSize 0
2023-09-16T12:59:28.490Z In(05) vmx Vix: [vmxCommands.c:558]: VMAutomation_InitiatePowerOff. Trying hard powerOff
2023-09-16T12:59:28.495Z In(05) vmx Stopping VCPU threads...
2023-09-16T12:59:28.499Z In(05) vmx MKSThread: Requesting MKS exit
2023-09-16T12:59:28.499Z In(05) vmx Stopping MKS/SVGA threads
2023-09-16T12:59:28.502Z In(05) svga SWBScreen: Screen 1 Destroyed: xywh(0, 0, 1024, 768) flags=0x2
2023-09-16T12:59:28.507Z In(05) svga SVGA thread is exiting the main loop
2023-09-16T12:59:28.509Z In(05) mks SWBWindow: Window 0 Destroyed: src screenId=-1, src xywh(0, 0, 1024, 768) dest xywh(0, 0, 1024, 768) pixelScale=1, flags=0xF
2023-09-16T12:59:28.517Z In(05) mks SWBWindow: Number of MKSWindows changed: 0 rendering MKSWindow(s) of total 1.
2023-09-16T12:59:28.518Z In(05) mks SWBWindow: Window 1 Destroyed: src screenId=-1, src xywh(0, 0, 1024, 768) dest xywh(0, 0, 1024, 768) pixelScale=1, flags=0x10
2023-09-16T12:59:28.518Z In(05) mks DXGIPresentation: Clearing device context
2023-09-16T12:59:28.518Z In(05) mks DXGIPresentation: Release D3D device
2023-09-16T12:59:28.538Z In(05) mks DXGIPresentation: Releasing DXGI Adapter
2023-09-16T12:59:28.538Z In(05) mks DXGIPresentation: Releasing DXGI factory
2023-09-16T12:59:28.538Z In(05) mks SWBWindow: Number of MKSWindows changed: 0 rendering MKSWindow(s) of total 0.
2023-09-16T12:59:28.543Z In(05) vmx MKS/SVGA threads are stopped
2023-09-16T12:59:28.544Z In(05) vmx USB: Disconnecting device 0x700000010e0f0008
2023-09-16T12:59:28.551Z In(05) vmx 
2023-09-16T12:59:28.551Z In(05)+ vmx OvhdMem: Final (Power Off) Overheads
2023-09-16T12:59:28.551Z In(05) vmx                                                       reserved      |          used
2023-09-16T12:59:28.551Z In(05) vmx OvhdMem excluded                                  cur    max    avg |    cur    max    avg
2023-09-16T12:59:28.551Z In(05) vmx OvhdMem OvhdUser_MainMem                    :  1048576 1048576      - | 580930 1043485      -
2023-09-16T12:59:28.551Z In(05) vmx OvhdMem OvhdUser_VmxText                    :    7680   7680      - |      0      0      -
2023-09-16T12:59:28.551Z In(05) vmx OvhdMem OvhdUser_VmxTextLibs                :   16000  16000      - |      0      0      -
2023-09-16T12:59:28.551Z In(05) vmx OvhdMem Total excluded                      :  1072256 1072256      - |      -      -      -
2023-09-16T12:59:28.551Z In(05) vmx OvhdMem Actual maximum                      :         1072256        |             -
2023-09-16T12:59:28.551Z In(05)+ vmx 
2023-09-16T12:59:28.551Z In(05) vmx                                                       reserved      |          used
2023-09-16T12:59:28.551Z In(05) vmx OvhdMem paged                                     cur    max    avg |    cur    max    avg
2023-09-16T12:59:28.551Z In(05) vmx OvhdMem OvhdUser_STATS_vmm                  :       4      4      - |      0      0      -
2023-09-16T12:59:28.551Z In(05) vmx OvhdMem OvhdUser_STATS_device               :       2      2      - |      0      0      -
2023-09-16T12:59:28.551Z In(05) vmx OvhdMem OvhdUser_SvgaMobFallback            :  1048576 1048576      - |      0      0      -
2023-09-16T12:59:28.551Z In(05) vmx OvhdMem OvhdUser_DiskLibMemUsed             :    3075   3075      - |      0      0      -
2023-09-16T12:59:28.551Z In(05) vmx OvhdMem OvhdUser_SvgaSurfaceTable           :    2944   2944      - |    385    385      -
2023-09-16T12:59:28.551Z In(05) vmx OvhdMem OvhdUser_SvgaBESurfaceTable         :     196    196      - |    196    196      -
2023-09-16T12:59:28.551Z In(05) vmx OvhdMem OvhdUser_SvgaSDirtyCache            :      96     96      - |      0      0      -
2023-09-16T12:59:28.551Z In(05) vmx OvhdMem OvhdUser_SvgaShaderTable            :    1000   1000      - |    193    193      -
2023-09-16T12:59:28.551Z In(05) vmx OvhdMem OvhdUser_SvgaShaderText             :    2304   2304      - |      0      0      -
2023-09-16T12:59:28.551Z In(05) vmx OvhdMem OvhdUser_SvgaContextCache           :    1405   1405      - |      2      2      -
2023-09-16T12:59:28.551Z In(05) vmx OvhdMem OvhdUser_SvgaDXRTViewTable          :      31     31      - |      7      7      -
2023-09-16T12:59:28.551Z In(05) vmx OvhdMem OvhdUser_SvgaDXDSViewTable          :      16     16      - |      4      4      -
2023-09-16T12:59:28.551Z In(05) vmx OvhdMem OvhdUser_SvgaDXSRViewTable          :    1021   1021      - |    193    193      -
2023-09-16T12:59:28.551Z In(05) vmx OvhdMem OvhdUser_SvgaDXUAViewTable          :      70     70      - |     13     13      -
2023-09-16T12:59:28.551Z In(05) vmx OvhdMem OvhdUser_SvgaDXBlendStateTable      :      31     31      - |      4      4      -
2023-09-16T12:59:28.551Z In(05) vmx OvhdMem OvhdUser_SvgaDXElementLayoutTable   :     199    199      - |      4      4      -
2023-09-16T12:59:28.551Z In(05) vmx OvhdMem OvhdUser_SvgaDXDepthStencilTable    :      19     19      - |      4      4      -
2023-09-16T12:59:28.551Z In(05) vmx OvhdMem OvhdUser_SvgaDXRasterizerStateTable :      19     19      - |      4      4      -
2023-09-16T12:59:28.551Z In(05) vmx OvhdMem OvhdUser_SvgaDXSamplerTable         :     141    141      - |     13     13      -
2023-09-16T12:59:28.551Z In(05) vmx OvhdMem OvhdUser_SvgaDXContextTable         :    1472   1472      - |      1      1      -
2023-09-16T12:59:28.551Z In(05) vmx OvhdMem OvhdUser_SvgaDXShaderTable          :     241    241      - |     49     49      -
2023-09-16T12:59:28.551Z In(05) vmx OvhdMem OvhdUser_SvgaDXShaderText           :    4352   4352      - |      0      0      -
2023-09-16T12:59:28.551Z In(05) vmx OvhdMem OvhdUser_SvgaDXStreamOutTable       :     516    516      - |      1      1      -
2023-09-16T12:59:28.551Z In(05) vmx OvhdMem OvhdUser_SvgaDXQueryTable           :     132    132      - |     13     13      -
2023-09-16T12:59:28.551Z In(05) vmx OvhdMem OvhdUser_SvgaVAProcessorTable       :       1      1      - |      0      0      -
2023-09-16T12:59:28.551Z In(05) vmx OvhdMem OvhdUser_SvgaVADecoderTable         :       1      1      - |      0      0      -
2023-09-16T12:59:28.551Z In(05) vmx OvhdMem OvhdUser_SvgaCursor                 :      10     10      - |     10     10      -
2023-09-16T12:59:28.551Z In(05) vmx OvhdMem OvhdUser_SvgaPPNList                :    1026   1026      - |      0      0      -
2023-09-16T12:59:28.551Z In(05) vmx OvhdMem OvhdUser_VmxGlobals                 :   10240  10240      - |      0      0      -
2023-09-16T12:59:28.551Z In(05) vmx OvhdMem OvhdUser_VmxGlobalsLibs             :    3584   3584      - |      0      0      -
2023-09-16T12:59:28.551Z In(05) vmx OvhdMem OvhdUser_VmxHeap                    :   10752  10752      - |      0      0      -
2023-09-16T12:59:28.551Z In(05) vmx OvhdMem OvhdUser_VmxMks                     :      33     33      - |      1      1      -
2023-09-16T12:59:28.551Z In(05) vmx OvhdMem OvhdUser_VmxMksRenderOps            :    3494   3494      - |   2540   2540      -
2023-09-16T12:59:28.551Z In(05) vmx OvhdMem OvhdUser_VmxMks3d                   :  2711552 2711552      - |      0      0      -
2023-09-16T12:59:28.551Z In(05) vmx OvhdMem OvhdUser_VmxMksLLVM                 :   12288  12288      - |      0      0      -
2023-09-16T12:59:28.551Z In(05) vmx OvhdMem OvhdUser_VmxMksScreenTemp           :   69890  69890      - |      0    187      -
2023-09-16T12:59:28.551Z In(05) vmx OvhdMem OvhdUser_VmxMksVnc                  :   74936  74936      - |      0      0      -
2023-09-16T12:59:28.551Z In(05) vmx OvhdMem OvhdUser_VmxMksScreen               :  131075 131075      - |      0      0      -
2023-09-16T12:59:28.551Z In(05) vmx OvhdMem OvhdUser_VmxMksSVGAVO               :    4096   4096      - |      0      0      -
2023-09-16T12:59:28.551Z In(05) vmx OvhdMem OvhdUser_VmxMksSwbCursor            :    2560   2560      - |      0      0      -
2023-09-16T12:59:28.551Z In(05) vmx OvhdMem OvhdUser_VmxPhysMemErrPages         :      10     10      - |      0      0      -
2023-09-16T12:59:28.551Z In(05) vmx OvhdMem OvhdUser_VmxSLEntryBuf              :     128    128      - |      0      0      -
2023-09-16T12:59:28.551Z In(05) vmx OvhdMem OvhdUser_VmxThreads                 :   36864  36864      - |      0      0      -
2023-09-16T12:59:28.551Z In(05) vmx OvhdMem Total paged                         :  4140402 4140402      - |   3637   3824      -
2023-09-16T12:59:28.551Z In(05) vmx OvhdMem Actual maximum                      :         4140402        |        4140402
2023-09-16T12:59:28.551Z In(05)+ vmx 
2023-09-16T12:59:28.551Z In(05) vmx                                                       reserved      |          used
2023-09-16T12:59:28.551Z In(05) vmx OvhdMem nonpaged                                  cur    max    avg |    cur    max    avg
2023-09-16T12:59:28.551Z In(05) vmx OvhdMem OvhdUser_SharedArea                 :     156    156      - |    137    137      -
2023-09-16T12:59:28.551Z In(05) vmx OvhdMem OvhdUser_BusMemTraceBitmap          :      38     38      - |      0      0      -
2023-09-16T12:59:28.551Z In(05) vmx OvhdMem OvhdUser_PFrame                     :    2263   3328      - |   2263   2263      -
2023-09-16T12:59:28.551Z In(05) vmx OvhdMem OvhdUser_VIDE_KSEG                  :      16     16      - |     16     16      -
2023-09-16T12:59:28.551Z In(05) vmx OvhdMem OvhdUser_VGA                        :      64     64      - |     64     64      -
2023-09-16T12:59:28.551Z In(05) vmx OvhdMem OvhdUser_BalloonMPN                 :       1      1      - |      1      1      -
2023-09-16T12:59:28.551Z In(05) vmx OvhdMem OvhdUser_P2MUpdateBuffer            :       3      3      - |      0      0      -
2023-09-16T12:59:28.551Z In(05) vmx OvhdMem OvhdUser_ServicesMPN                :       3      3      - |      3      3      -
2023-09-16T12:59:28.551Z In(05) vmx OvhdMem OvhdUser_LocalApic                  :       2      2      - |      2      2      -
2023-09-16T12:59:28.551Z In(05) vmx OvhdMem OvhdUser_VBIOS                      :       8      8      - |      0      0      -
2023-09-16T12:59:28.551Z In(05) vmx OvhdMem OvhdUser_SBIOS                      :      16     16      - |      0      0      -
2023-09-16T12:59:28.551Z In(05) vmx OvhdMem OvhdUser_AHCIBIOS                   :      16     16      - |      0      0      -
2023-09-16T12:59:28.551Z In(05) vmx OvhdMem OvhdUser_AHCIREGS                   :       1      1      - |      1      1      -
2023-09-16T12:59:28.551Z In(05) vmx OvhdMem OvhdUser_NVMEBIOS                   :       2      2      - |      0      0      -
2023-09-16T12:59:28.551Z In(05) vmx OvhdMem OvhdUser_FlashRam                   :     128    128      - |      0      0      -
2023-09-16T12:59:28.551Z In(05) vmx OvhdMem OvhdUser_SVGAFB                     :   32768  32768      - |    768    768      -
2023-09-16T12:59:28.551Z In(05) vmx OvhdMem OvhdUser_SVGAMEM                    :      64    512      - |      1      1      -
2023-09-16T12:59:28.551Z In(05) vmx OvhdMem OvhdUser_HDAudioReg                 :       3      3      - |      0      0      -
2023-09-16T12:59:28.551Z In(05) vmx OvhdMem OvhdUser_EHCIRegister               :       1      1      - |      1      1      -
2023-09-16T12:59:28.551Z In(05) vmx OvhdMem OvhdUser_XhciRegister               :       1      1      - |      0      0      -
2023-09-16T12:59:28.551Z In(05) vmx OvhdMem OvhdUser_HyperV                     :       2      2      - |      2      2      -
2023-09-16T12:59:28.551Z In(05) vmx OvhdMem OvhdUser_ExtCfg                     :       4      4      - |      0      0      -
2023-09-16T12:59:28.551Z In(05) vmx OvhdMem OvhdUser_vhvCachedVMCS              :       2      2      - |      0      0      -
2023-09-16T12:59:28.551Z In(05) vmx OvhdMem OvhdUser_vhvNestedAPIC              :       2      2      - |      0      0      -
2023-09-16T12:59:28.551Z In(05) vmx OvhdMem OvhdUser_LBR                        :       2      2      - |      0      0      -
2023-09-16T12:59:28.551Z In(05) vmx OvhdMem OvhdUser_MonWired                   :      53     53      - |     53     53      -
2023-09-16T12:59:28.551Z In(05) vmx OvhdMem OvhdUser_MonNuma                    :     254    254      - |      0      0      -
2023-09-16T12:59:28.551Z In(05) vmx OvhdMem OvhdUser_NVDC                       :       1      1      - |      0      0      -
2023-09-16T12:59:28.551Z In(05) vmx OvhdMem Total nonpaged                      :   35874  37387      - |   3312   3312      -
2023-09-16T12:59:28.551Z In(05) vmx OvhdMem Actual maximum                      :          35874        |         37387
2023-09-16T12:59:28.551Z In(05)+ vmx 
2023-09-16T12:59:28.551Z In(05) vmx                                                       reserved      |          used
2023-09-16T12:59:28.551Z In(05) vmx OvhdMem anonymous                                 cur    max    avg |    cur    max    avg
2023-09-16T12:59:28.551Z In(05) vmx OvhdMem OvhdMon_Alloc                       :     196    196      - |     63    150      -
2023-09-16T12:59:28.551Z In(05) vmx OvhdMem OvhdMon_BusMemFrame                 :    1121   1178      - |   1121   1121      -
2023-09-16T12:59:28.551Z In(05) vmx OvhdMem OvhdMon_BusMem2MInfo                :      16     16      - |     16     16      -
2023-09-16T12:59:28.551Z In(05) vmx OvhdMem OvhdMon_BusMem1GInfo                :       1      1      - |      1      1      -
2023-09-16T12:59:28.551Z In(05) vmx OvhdMem OvhdMon_BusMemZapListMPN            :       1      1      - |      1      1      -
2023-09-16T12:59:28.551Z In(05) vmx OvhdMem OvhdMon_BusMemPreval                :       8      8      - |      0      0      -
2023-09-16T12:59:28.551Z In(05) vmx OvhdMem OvhdMon_MonAS                       :       2      2      - |      1      1      -
2023-09-16T12:59:28.551Z In(05) vmx OvhdMem OvhdMon_GuestMem                    :      80     80      - |     80     80      -
2023-09-16T12:59:28.551Z In(05) vmx OvhdMem OvhdMon_TC                          :    1026   1026      - |    952    952      -
2023-09-16T12:59:28.551Z In(05) vmx OvhdMem OvhdMon_BusMemMonAS                 :       6      6      - |      6      6      -
2023-09-16T12:59:28.551Z In(05) vmx OvhdMem OvhdMon_PlatformMonAS               :       9      9      - |      6      6      -
2023-09-16T12:59:28.551Z In(05) vmx OvhdMem OvhdMon_HVNuma                      :       4      4      - |      0      0      -
2023-09-16T12:59:28.551Z In(05) vmx OvhdMem OvhdMon_HV                          :       2      2      - |      2      2      -
2023-09-16T12:59:28.551Z In(05) vmx OvhdMem OvhdMon_HVMSRBitmap                 :       1      1      - |      0      0      -
2023-09-16T12:59:28.551Z In(05) vmx OvhdMem OvhdMon_VHVGuestMSRBitmap           :       2      2      - |      0      0      -
2023-09-16T12:59:28.551Z In(05) vmx OvhdMem OvhdMon_VHV                         :       6      6      - |      0      0      -
2023-09-16T12:59:28.551Z In(05) vmx OvhdMem OvhdMon_Numa                        :      30     30      - |     14     29      -
2023-09-16T12:59:28.551Z In(05) vmx OvhdMem OvhdMon_NumaTextRodata              :     200    380      - |    180    360      -
2023-09-16T12:59:28.551Z In(05) vmx OvhdMem OvhdMon_NumaDataBss                 :      54     54      - |     54     54      -
2023-09-16T12:59:28.551Z In(05) vmx OvhdMem OvhdMon_NumaLargeData               :       0   1024      - |      0      0      -
2023-09-16T12:59:28.552Z In(05) vmx OvhdMem OvhdMon_BaseWired                   :      56     58      - |     48     48      -
2023-09-16T12:59:28.552Z In(05) vmx OvhdMem OvhdMon_Bootstrap                   :       0   2303      - |      0    338      -
2023-09-16T12:59:28.552Z In(05) vmx OvhdMem OvhdMon_GPhysTraced                 :     477    477      - |    473    475      -
2023-09-16T12:59:28.552Z In(05) vmx OvhdMem OvhdMon_GPhysHWMMU                  :    2380   2380      - |   2192   2192      -
2023-09-16T12:59:28.552Z In(05) vmx OvhdMem OvhdMon_GPhysNoTrace                :     266    266      - |     74     74      -
2023-09-16T12:59:28.552Z In(05) vmx OvhdMem OvhdMon_PhysMemGart                 :     104    104      - |     96     96      -
2023-09-16T12:59:28.552Z In(05) vmx OvhdMem OvhdMon_PhysMemErr                  :       7      7      - |      0      0      -
2023-09-16T12:59:28.552Z In(05) vmx OvhdMem OvhdMon_VProbe                      :       1      1      - |      0      0      -
2023-09-16T12:59:28.552Z In(05) vmx OvhdMem Total anonymous                     :    6056   9622      - |   5380   6002      -
2023-09-16T12:59:28.552Z In(05) vmx OvhdMem Actual maximum                      :           6056        |          8418
2023-09-16T12:59:28.552Z In(05)+ vmx 
2023-09-16T12:59:28.553Z In(05) vmx VMMEM: Maximum Reservation: 16357MB (MainMem=4096MB)
2023-09-16T12:59:28.558Z In(05) vmx MemSched: BALLOON HIST [0, 1048576]: 35628 35628 0 0 0 0 0 0 0 0 0 0
2023-09-16T12:59:28.558Z In(05) vmx MemSched: BALLOON P50 1 P70 1 P90 1 MIN 0 MAX 0
2023-09-16T12:59:28.558Z In(05) vmx MemSched: SWAP HIST [0, 1048576]: 319 13054 6576 6667 7257 2074 0 0 0 0 0 0
2023-09-16T12:59:28.558Z In(05) vmx MemSched: SWAP P50 20 P70 30 P90 40 MIN 0 MAX 464292
2023-09-16T12:59:28.558Z In(05) vmx MemSched: LOCK HIST [0, 1048576]: 0 1 0 0 0 0 1603 7351 6802 6609 13262 2181
2023-09-16T12:59:28.559Z In(05) vmx MemSched: LOCK P50 90 P70 100 P90 100 MIN 2506 MAX 1052175
2023-09-16T12:59:28.559Z In(05) vmx MemSched: LOCK_TARGET HIST [0, 1048576]: 0 0 0 0 0 0 0 0 0 0 35628 35628
2023-09-16T12:59:28.559Z In(05) vmx MemSched: LOCK_TARGET P50 100 P70 100 P90 100 MIN 1048576 MAX 1094381
2023-09-16T12:59:28.559Z In(05) vmx MemSched: ACTIVE_PCT HIST [0, 100]: 1 26173 2439 2026 1362 1367 884 562 436 125 254 0
2023-09-16T12:59:28.559Z In(05) vmx MemSched: ACTIVE_PCT P50 10 P70 10 P90 50 MIN 0 MAX 92
2023-09-16T12:59:28.559Z In(05) vmx MemSched: NUM_VMS HIST [0, 10]: 0 0 35628 0 0 0 0 0 0 0 0 0
2023-09-16T12:59:28.559Z In(05) vmx MemSched: NUM_VMS P50 20 P70 20 P90 20 MIN 1 MAX 1
2023-09-16T12:59:28.559Z In(05) vmx MemSched: HOSTLOCK HIST [0, 1586944]: 0 1 0 0 2103 10594 9993 12937 0 0 0 0
2023-09-16T12:59:28.559Z In(05) vmx MemSched: HOSTLOCK P50 60 P70 70 P90 70 MIN 2506 MAX 1052175
2023-09-16T12:59:28.559Z In(05) vmx TOOLS received request in VMX to set option 'enableDnD' -> '0'
2023-09-16T12:59:28.560Z In(05) vmx TOOLS received request in VMX to set option 'copypaste' -> '0'
2023-09-16T12:59:28.563Z In(05) vmx HgfsServerManagerVigorExit: Destroy:
2023-09-16T12:59:28.571Z In(05) vmx ToolsISO: Refreshing imageName for 'windows9' (refreshCount=1, lastCount=1).
2023-09-16T12:59:28.581Z In(05) vmx ToolsISO: open of C:\Program Files (x86)\VMware\VMware Workstation\isoimages_manifest.txt.sig failed: Could not find the file
2023-09-16T12:59:28.581Z In(05) vmx ToolsISO: Unable to read signature file 'C:\Program Files (x86)\VMware\VMware Workstation\isoimages_manifest.txt.sig', ignoring.
2023-09-16T12:59:28.583Z In(05) vmx ToolsISO: Updated cached value for imageName to 'windows.iso'.
2023-09-16T12:59:28.583Z In(05) vmx ToolsISO: Selected Tools ISO 'windows.iso' for 'windows9' guest.
2023-09-16T12:59:28.583Z In(05) vmx TOOLS updated cached value for isoImageExists to 1.
2023-09-16T12:59:28.586Z In(05) vmx Tools: ToolsRunningStatus_Exit, delayedRequest is 0x0
2023-09-16T12:59:28.598Z In(05) vmx Tools: [AppStatus] Last heartbeat value 0 (never received)
2023-09-16T12:59:28.598Z In(05) vmx TOOLS: appName=toolbox, oldStatus=0, status=0, guestInitiated=0.
2023-09-16T12:59:28.655Z In(05) vmx USB: Disconnecting device 0x200000040e0f0003
2023-09-16T12:59:28.662Z In(05) vmx SOUNDLIB: Closing Wave sound backend.
2023-09-16T12:59:28.665Z In(05) vmx USB: Disconnecting device 0x10e0f0002
2023-09-16T12:59:28.687Z In(05) usbCCIDEnumCards USB-CCID: Card enum thread exiting.
2023-09-16T12:59:28.690Z In(05) vmx SOUNDLIB: Closing Wave sound backend.
2023-09-16T12:59:28.695Z In(05) mks MKSControlMgr: disconnected
2023-09-16T12:59:28.867Z In(05) mks MKS-RenderMain: Stopped ISBRenderer (DX12Renderer)
2023-09-16T12:59:28.873Z In(05) mks MKS PowerOff
2023-09-16T12:59:28.873Z In(05) svga SVGA thread is exiting
2023-09-16T12:59:28.873Z In(05) mks MKS thread is exiting
2023-09-16T12:59:28.873Z Wa(03) vmx 
2023-09-16T12:59:28.881Z In(05) vmx nvme0:0: numIOs = 1153715 numMergedIOs = 109749 numSplitIOs = 18569 (14.5%)
2023-09-16T12:59:28.881Z In(05) vmx Closing disk 'nvme0:0'
2023-09-16T12:59:28.960Z In(05) vmx AIOWIN32C: asyncOps=1189088 syncOps=155 bufSize=324Kb fixedOps=321396
2023-09-16T12:59:28.960Z In(05) aioCompletion AIO thread processed 1189088 completions
2023-09-16T12:59:29.321Z In(05) deviceThread Device thread is exiting
2023-09-16T12:59:29.321Z In(05) vmx Vix: [mainDispatch.c:1171]: VMAutomationPowerOff: Powering off.
2023-09-16T12:59:29.321Z In(05) vmx Win32U_GetFileAttributes: GetFileAttributesExW("D:\Windows 10 test.vmpl", ...) failed, error: 2
2023-09-16T12:59:29.321Z In(05) vmx Policy_SavePolicyFile: invalid arguments to function.
2023-09-16T12:59:29.321Z In(05) vmx PolicyVMX_Exit: Could not write out policies: 15.
2023-09-16T12:59:29.321Z In(05) vmx WORKER: asyncOps=2 maxActiveOps=1 maxPending=1 maxCompleted=1
2023-09-16T12:59:29.321Z In(05) PowerNotifyThread PowerNotify thread exiting.
2023-09-16T12:59:30.021Z In(05) vmx Vix: [mainDispatch.c:4213]: VMAutomation_ReportPowerOpFinished: statevar=1, newAppState=1873, success=1 additionalError=0
2023-09-16T12:59:30.021Z In(05) vmx Vix: [mainDispatch.c:4231]: VMAutomation: Ignoring ReportPowerOpFinished because the VMX is shutting down.
2023-09-16T12:59:30.021Z In(05) vmx VMXSTATS: Ready to cleanup and munmap 152BF5C0000.
2023-09-16T12:59:30.021Z No(00) vmx ConfigDB: Setting cleanShutdown = "TRUE"
2023-09-16T12:59:30.046Z In(05) vmx Vix: [mainDispatch.c:4213]: VMAutomation_ReportPowerOpFinished: statevar=0, newAppState=1870, success=1 additionalError=0
2023-09-16T12:59:30.046Z In(05) vmx Vix: [mainDispatch.c:4231]: VMAutomation: Ignoring ReportPowerOpFinished because the VMX is shutting down.
2023-09-16T12:59:30.046Z In(05) vmx Transitioned vmx/execState/val to poweredOff
2023-09-16T12:59:30.046Z In(05) vmx VMX idle exit
2023-09-16T12:59:30.046Z In(05) vmx WQPoolFreePoll : pollIx = 3, signalHandle = 1096
2023-09-16T12:59:30.062Z In(05) vmx Vix: [mainDispatch.c:817]: VMAutomation_LateShutdown()
2023-09-16T12:59:30.062Z In(05) vmx Vix: [mainDispatch.c:772]: VMAutomationCloseListenerSocket. Closing listener socket.
2023-09-16T12:59:30.062Z In(05) vmx Flushing VMX VMDB connections
2023-09-16T12:59:30.062Z In(05) vmx VmdbDbRemoveCnx: Removing Cnx from Db for '/db/connection/#1/'
2023-09-16T12:59:30.062Z In(05) vmx VmdbCnxDisconnect: Disconnect: closed pipe for pub cnx '/db/connection/#1/' (0)
2023-09-16T12:59:30.062Z In(05) vmx VigorTransport_ServerDestroy: server destroyed.
2023-09-16T12:59:30.062Z In(05) vmx WQPoolFreePoll : pollIx = 2, signalHandle = 2828
2023-09-16T12:59:30.062Z In(05) vmx WQPoolFreePoll : pollIx = 1, signalHandle = 852
2023-09-16T12:59:30.078Z In(05) vmx VMX exit (0).
2023-09-16T12:59:30.078Z In(05) vmx OBJLIB-LIB: ObjLib cleanup done.
2023-09-16T12:59:30.078Z In(05) vmx AIOMGR-S : stat o=5 r=213 w=3 i=0 br=136056279 bw=24
